Sep 06 03:44:54 gitops-control-plane systemd-journald[161]: Journal started
Sep 06 03:44:54 gitops-control-plane systemd-journald[161]: Runtime Journal (/run/log/journal/edc1d616feea4bf6965335bbfc77792d) is 8M, max 792.6M, 784.6M free.
Sep 06 03:44:54 gitops-control-plane systemd[1]: Starting systemd-journal-flush.service - Flush Journal to Persistent Storage...
Sep 06 03:44:54 gitops-control-plane systemd[1]: Finished systemd-tmpfiles-setup-dev.service - Create Static Device Nodes in /dev.
Sep 06 03:44:54 gitops-control-plane systemd[1]: Reached target local-fs-pre.target - Preparation for Local File Systems.
Sep 06 03:44:54 gitops-control-plane systemd[1]: Reached target local-fs.target - Local File Systems.
Sep 06 03:44:54 gitops-control-plane systemd[1]: Listening on systemd-sysext.socket - System Extension Image Management.
Sep 06 03:44:54 gitops-control-plane systemd[1]: Starting ldconfig.service - Rebuild Dynamic Linker Cache...
Sep 06 03:44:54 gitops-control-plane systemd[1]: Starting systemd-journal-catalog-update.service - Rebuild Journal Catalog...
Sep 06 03:44:54 gitops-control-plane systemd-journald[161]: Runtime Journal (/run/log/journal/edc1d616feea4bf6965335bbfc77792d) is 8M, max 792.6M, 784.6M free.
Sep 06 03:44:54 gitops-control-plane systemd[1]: systemd-machine-id-commit.service - Save Transient machine-id to Disk skipped, unmet condition check ConditionPathIsMountPoint=/etc/machine-id
Sep 06 03:44:54 gitops-control-plane systemd[1]: systemd-udevd.service - Rule-based Manager for Device Events and Files skipped, unmet condition check ConditionPathIsReadWrite=/sys
Sep 06 03:44:54 gitops-control-plane systemd[1]: Finished systemd-journal-flush.service - Flush Journal to Persistent Storage.
Sep 06 03:44:54 gitops-control-plane systemd[1]: Finished systemd-journal-catalog-update.service - Rebuild Journal Catalog.
Sep 06 03:44:54 gitops-control-plane systemd[1]: Finished ldconfig.service - Rebuild Dynamic Linker Cache.
Sep 06 03:44:54 gitops-control-plane systemd[1]: Starting systemd-update-done.service - Update is Completed...
Sep 06 03:44:54 gitops-control-plane systemd[1]: Finished systemd-update-done.service - Update is Completed.
Sep 06 03:44:54 gitops-control-plane systemd[1]: Reached target sysinit.target - System Initialization.
Sep 06 03:44:54 gitops-control-plane systemd[1]: Started systemd-tmpfiles-clean.timer - Daily Cleanup of Temporary Directories.
Sep 06 03:44:54 gitops-control-plane systemd[1]: Reached target timers.target - Timer Units.
Sep 06 03:44:54 gitops-control-plane systemd[1]: Listening on systemd-hostnamed.socket - Hostname Service Socket.
Sep 06 03:44:54 gitops-control-plane systemd[1]: Reached target sockets.target - Socket Units.
Sep 06 03:44:54 gitops-control-plane systemd[1]: systemd-pcrphase-sysinit.service - TPM PCR Barrier (Initialization) skipped, unmet condition check ConditionSecurity=measured-uki
Sep 06 03:44:54 gitops-control-plane systemd[1]: Reached target basic.target - Basic System.
Sep 06 03:44:54 gitops-control-plane systemd[1]: System is tainted: unmerged-bin:cgroupsv1
Sep 06 03:44:54 gitops-control-plane systemd[1]: systemd-pcrphase.service - TPM PCR Barrier (User) skipped, unmet condition check ConditionSecurity=measured-uki
Sep 06 03:44:54 gitops-control-plane systemd[1]: Starting undo-mount-hacks.service - Undo KIND mount hacks...
Sep 06 03:44:54 gitops-control-plane systemd[1]: undo-mount-hacks.service: Deactivated successfully.
Sep 06 03:44:54 gitops-control-plane systemd[1]: Finished undo-mount-hacks.service - Undo KIND mount hacks.
Sep 06 03:44:54 gitops-control-plane systemd[1]: Starting containerd.service - containerd container runtime...
Sep 06 03:44:54 gitops-control-plane systemd[1]: kubelet.service - kubelet: The Kubernetes Node Agent skipped, unmet condition check ConditionPathExists=/var/lib/kubelet/config.yaml
Sep 06 03:44:54 gitops-control-plane containerd[203]: time="2026-09-06T03:44:54Z" level=warning msg="Configuration migrated from version 2, use `containerd config migrate` to avoid migration" t="7.067µs"
Sep 06 03:44:54 gitops-control-plane containerd[203]: time="2026-09-06T03:44:54.750428749Z" level=info msg="starting containerd" revision=64b425cf570b3b8dd1d4cc46da7c1fce65c6651a version=v2.3.1
Sep 06 03:44:54 gitops-control-plane containerd[203]: time="2026-09-06T03:44:54.750498226Z" level=info msg="loading plugin" id=io.containerd.content.v1.content type=io.containerd.content.v1
Sep 06 03:44:54 gitops-control-plane containerd[203]: time="2026-09-06T03:44:54.750706314Z" level=warning msg="failed check for fsverity support" error="enable fsverity failed: operation not supported" path=/var/lib/containerd/io.containerd.content.v1.content
Sep 06 03:44:54 gitops-control-plane containerd[203]: time="2026-09-06T03:44:54.750724601Z" level=info msg="loading plugin" id=io.containerd.image-verifier.v1.bindir type=io.containerd.image-verifier.v1
Sep 06 03:44:54 gitops-control-plane containerd[203]: time="2026-09-06T03:44:54.750744007Z" level=info msg="loading plugin" id=io.containerd.internal.v1.opt type=io.containerd.internal.v1
Sep 06 03:44:54 gitops-control-plane containerd[203]: time="2026-09-06T03:44:54.750791372Z" level=info msg="loading plugin" id=io.containerd.warning.v1.deprecations type=io.containerd.warning.v1
Sep 06 03:44:54 gitops-control-plane containerd[203]: time="2026-09-06T03:44:54.750804779Z" level=info msg="loading plugin" id=io.containerd.event.v1.exchange type=io.containerd.event.v1
Sep 06 03:44:54 gitops-control-plane containerd[203]: time="2026-09-06T03:44:54.750830683Z" level=info msg="loading plugin" id=io.containerd.mount-handler.v1.erofs type=io.containerd.mount-handler.v1
Sep 06 03:44:54 gitops-control-plane containerd[203]: time="2026-09-06T03:44:54.750837710Z" level=info msg="loading plugin" id=io.containerd.snapshotter.v1.blockfile type=io.containerd.snapshotter.v1
Sep 06 03:44:54 gitops-control-plane containerd[203]: time="2026-09-06T03:44:54.750855885Z" level=info msg="skip loading plugin" error="no scratch file generator: skip plugin" id=io.containerd.snapshotter.v1.blockfile type=io.containerd.snapshotter.v1
Sep 06 03:44:54 gitops-control-plane containerd[203]: time="2026-09-06T03:44:54.750873092Z" level=info msg="loading plugin" id=io.containerd.snapshotter.v1.erofs type=io.containerd.snapshotter.v1
Sep 06 03:44:54 gitops-control-plane containerd[203]: time="2026-09-06T03:44:54.759573383Z" level=info msg="loading plugin" id=io.containerd.snapshotter.v1.native type=io.containerd.snapshotter.v1
Sep 06 03:44:54 gitops-control-plane containerd[203]: time="2026-09-06T03:44:54.759627737Z" level=info msg="loading plugin" id=io.containerd.snapshotter.v1.overlayfs type=io.containerd.snapshotter.v1
Sep 06 03:44:54 gitops-control-plane containerd[203]: time="2026-09-06T03:44:54.768144297Z" level=info msg="loading plugin" id=io.containerd.monitor.task.v1.cgroups type=io.containerd.monitor.task.v1
Sep 06 03:44:54 gitops-control-plane containerd[203]: time="2026-09-06T03:44:54.768510140Z" level=info msg="loading plugin" id=io.containerd.snapshotter.v1.fuse-overlayfs type=io.containerd.snapshotter.v1
Sep 06 03:44:54 gitops-control-plane containerd[203]: time="2026-09-06T03:44:54.768686861Z" level=info msg="loading plugin" id=io.containerd.metadata.v1.bolt type=io.containerd.metadata.v1
Sep 06 03:44:54 gitops-control-plane containerd[203]: time="2026-09-06T03:44:54.768725287Z" level=info msg="metadata content store policy set" policy=shared
Sep 06 03:44:54 gitops-control-plane containerd[203]: time="2026-09-06T03:44:54.769259455Z" level=info msg="loading plugin" id=io.containerd.gc.v1.scheduler type=io.containerd.gc.v1
Sep 06 03:44:54 gitops-control-plane containerd[203]: time="2026-09-06T03:44:54.769284436Z" level=info msg="loading plugin" id=io.containerd.server.v1.metrics type=io.containerd.server.v1
Sep 06 03:44:54 gitops-control-plane containerd[203]: time="2026-09-06T03:44:54.769289929Z" level=info msg="skip loading plugin" error="skip plugin" id=io.containerd.server.v1.metrics type=io.containerd.server.v1
Sep 06 03:44:54 gitops-control-plane containerd[203]: time="2026-09-06T03:44:54.769293665Z" level=info msg="loading plugin" id=io.containerd.tracing.processor.v1.otlp type=io.containerd.tracing.processor.v1
Sep 06 03:44:54 gitops-control-plane containerd[203]: time="2026-09-06T03:44:54.769326910Z" level=info msg="skip loading plugin" error="skip plugin: tracing endpoint not configured" id=io.containerd.tracing.processor.v1.otlp type=io.containerd.tracing.processor.v1
Sep 06 03:44:54 gitops-control-plane containerd[203]: time="2026-09-06T03:44:54.769332267Z" level=info msg="loading plugin" id=io.containerd.internal.v1.tracing type=io.containerd.internal.v1
Sep 06 03:44:54 gitops-control-plane containerd[203]: time="2026-09-06T03:44:54.769346110Z" level=info msg="skip loading plugin" error="skip plugin: tracing endpoint not configured" id=io.containerd.internal.v1.tracing type=io.containerd.internal.v1
Sep 06 03:44:54 gitops-control-plane containerd[203]: time="2026-09-06T03:44:54.769350584Z" level=info msg="loading plugin" id=io.containerd.nri.v1.nri type=io.containerd.nri.v1
Sep 06 03:44:54 gitops-control-plane containerd[203]: time="2026-09-06T03:44:54.769443602Z" level=info msg="built-in NRI default validator is disabled"
Sep 06 03:44:54 gitops-control-plane containerd[203]: time="2026-09-06T03:44:54.769456215Z" level=info msg="runtime interface created"
Sep 06 03:44:54 gitops-control-plane containerd[203]: time="2026-09-06T03:44:54.769458484Z" level=info msg="created NRI interface"
Sep 06 03:44:54 gitops-control-plane containerd[203]: time="2026-09-06T03:44:54.769461424Z" level=info msg="loading plugin" id=io.containerd.ttrpc.v1.otelttrpc type=io.containerd.ttrpc.v1
Sep 06 03:44:54 gitops-control-plane containerd[203]: time="2026-09-06T03:44:54.769471328Z" level=info msg="loading plugin" id=io.containerd.service.v1.containers-service type=io.containerd.service.v1
Sep 06 03:44:54 gitops-control-plane containerd[203]: time="2026-09-06T03:44:54.769487526Z" level=info msg="loading plugin" id=io.containerd.service.v1.content-service type=io.containerd.service.v1
Sep 06 03:44:54 gitops-control-plane containerd[203]: time="2026-09-06T03:44:54.769499491Z" level=info msg="loading plugin" id=io.containerd.differ.v1.erofs type=io.containerd.differ.v1
Sep 06 03:44:54 gitops-control-plane containerd[203]: time="2026-09-06T03:44:54.769569476Z" level=info msg="skip loading plugin" error="failed to check mkfs.erofs availability: failed to run mkfs.erofs --help: exec: \"mkfs.erofs\": executable file not found in $PATH: skip plugin" id=io.containerd.differ.v1.erofs type=io.containerd.differ.v1
Sep 06 03:44:54 gitops-control-plane containerd[203]: time="2026-09-06T03:44:54.769583268Z" level=info msg="loading plugin" id=io.containerd.mount-manager.v1.bolt type=io.containerd.mount-manager.v1
Sep 06 03:44:54 gitops-control-plane containerd[203]: time="2026-09-06T03:44:54.769677530Z" level=info msg="loading plugin" id=io.containerd.differ.v1.walking type=io.containerd.differ.v1
Sep 06 03:44:54 gitops-control-plane containerd[203]: time="2026-09-06T03:44:54.769692970Z" level=info msg="loading plugin" id=io.containerd.service.v1.diff-service type=io.containerd.service.v1
Sep 06 03:44:54 gitops-control-plane containerd[203]: time="2026-09-06T03:44:54.769703805Z" level=info msg="loading plugin" id=io.containerd.service.v1.images-service type=io.containerd.service.v1
Sep 06 03:44:54 gitops-control-plane containerd[203]: time="2026-09-06T03:44:54.769713505Z" level=info msg="loading plugin" id=io.containerd.service.v1.introspection-service type=io.containerd.service.v1
Sep 06 03:44:54 gitops-control-plane containerd[203]: time="2026-09-06T03:44:54.769718668Z" level=info msg="loading plugin" id=io.containerd.service.v1.namespaces-service type=io.containerd.service.v1
Sep 06 03:44:54 gitops-control-plane containerd[203]: time="2026-09-06T03:44:54.769722327Z" level=info msg="loading plugin" id=io.containerd.service.v1.snapshots-service type=io.containerd.service.v1
Sep 06 03:44:54 gitops-control-plane containerd[203]: time="2026-09-06T03:44:54.769725882Z" level=info msg="loading plugin" id=io.containerd.shim.v1.manager type=io.containerd.shim.v1
Sep 06 03:44:54 gitops-control-plane containerd[203]: time="2026-09-06T03:44:54.769730357Z" level=info msg="loading plugin" id=io.containerd.runtime.v2.task type=io.containerd.runtime.v2
Sep 06 03:44:54 gitops-control-plane containerd[203]: time="2026-09-06T03:44:54.769757816Z" level=info msg="loading plugin" id=io.containerd.service.v1.tasks-service type=io.containerd.service.v1
Sep 06 03:44:54 gitops-control-plane containerd[203]: time="2026-09-06T03:44:54.769765122Z" level=info msg="loading plugin" id=io.containerd.grpc.v1.containers type=io.containerd.grpc.v1
Sep 06 03:44:54 gitops-control-plane containerd[203]: time="2026-09-06T03:44:54.769777720Z" level=info msg="loading plugin" id=io.containerd.grpc.v1.content type=io.containerd.grpc.v1
Sep 06 03:44:54 gitops-control-plane containerd[203]: time="2026-09-06T03:44:54.769782713Z" level=info msg="loading plugin" id=io.containerd.grpc.v1.diff type=io.containerd.grpc.v1
Sep 06 03:44:54 gitops-control-plane containerd[203]: time="2026-09-06T03:44:54.769786415Z" level=info msg="loading plugin" id=io.containerd.grpc.v1.events type=io.containerd.grpc.v1
Sep 06 03:44:54 gitops-control-plane containerd[203]: time="2026-09-06T03:44:54.769789681Z" level=info msg="loading plugin" id=io.containerd.grpc.v1.images type=io.containerd.grpc.v1
Sep 06 03:44:54 gitops-control-plane containerd[203]: time="2026-09-06T03:44:54.769799663Z" level=info msg="loading plugin" id=io.containerd.grpc.v1.introspection type=io.containerd.grpc.v1
Sep 06 03:44:54 gitops-control-plane containerd[203]: time="2026-09-06T03:44:54.769803196Z" level=info msg="loading plugin" id=io.containerd.lease.v1.manager type=io.containerd.lease.v1
Sep 06 03:44:54 gitops-control-plane containerd[203]: time="2026-09-06T03:44:54.769806758Z" level=info msg="loading plugin" id=io.containerd.grpc.v1.leases type=io.containerd.grpc.v1
Sep 06 03:44:54 gitops-control-plane containerd[203]: time="2026-09-06T03:44:54.769810458Z" level=info msg="loading plugin" id=io.containerd.grpc.v1.mounts type=io.containerd.grpc.v1
Sep 06 03:44:54 gitops-control-plane containerd[203]: time="2026-09-06T03:44:54.769819017Z" level=info msg="loading plugin" id=io.containerd.grpc.v1.namespaces type=io.containerd.grpc.v1
Sep 06 03:44:54 gitops-control-plane containerd[203]: time="2026-09-06T03:44:54.769848918Z" level=info msg="loading plugin" id=io.containerd.sandbox.store.v1.local type=io.containerd.sandbox.store.v1
Sep 06 03:44:54 gitops-control-plane containerd[203]: time="2026-09-06T03:44:54.769860356Z" level=info msg="loading plugin" id=io.containerd.transfer.v1.local type=io.containerd.transfer.v1
Sep 06 03:44:54 gitops-control-plane containerd[203]: time="2026-09-06T03:44:54.769891818Z" level=info msg="loading plugin" id=io.containerd.cri.v1.images type=io.containerd.cri.v1
Sep 06 03:44:54 gitops-control-plane containerd[203]: time="2026-09-06T03:44:54.769944978Z" level=warning msg="Found 'DiscardUnpackedLayers' in CRI config which is incompatible with transfer service (not supported with transfer service). Falling back to local image pull mode."
Sep 06 03:44:54 gitops-control-plane containerd[203]: time="2026-09-06T03:44:54.769973757Z" level=info msg="Get image filesystem path \"/var/lib/containerd/io.containerd.snapshotter.v1.overlayfs\" for snapshotter \"overlayfs\""
Sep 06 03:44:54 gitops-control-plane containerd[203]: time="2026-09-06T03:44:54.769979989Z" level=info msg="Start snapshots syncer"
Sep 06 03:44:54 gitops-control-plane containerd[203]: time="2026-09-06T03:44:54.770018668Z" level=info msg="loading plugin" id=io.containerd.cri.v1.runtime type=io.containerd.cri.v1
Sep 06 03:44:54 gitops-control-plane containerd[203]: time="2026-09-06T03:44:54.771453923Z" level=warning msg="Ignoring unknown key in TOML for plugin" error="strict mode: fields in the document are missing in the target struct" key=tolerate_missing_hugepages_controller plugin=io.containerd.cri.v1.runtime
Sep 06 03:44:54 gitops-control-plane containerd[203]: time="2026-09-06T03:44:54.772273123Z" level=info msg="starting cri plugin" config="{\"containerd\":{\"defaultRuntimeName\":\"runc\",\"runtimes\":{\"runc\":{\"runtimeType\":\"io.containerd.runc.v2\",\"runtimePath\":\"\",\"PodAnnotations\":null,\"ContainerAnnotations\":null,\"options\":{\"BinaryName\":\"\",\"CriuImagePath\":\"\",\"CriuWorkPath\":\"\",\"IoGid\":0,\"IoUid\":0,\"NoNewKeyring\":false,\"Root\":\"\",\"ShimCgroup\":\"\",\"SystemdCgroup\":true},\"privileged_without_host_devices\":false,\"privileged_without_host_devices_all_devices_allowed\":false,\"cgroupWritable\":false,\"baseRuntimeSpec\":\"/etc/containerd/cri-base.json\",\"cniConfDir\":\"\",\"cniMaxConfNum\":0,\"snapshotter\":\"\",\"sandboxer\":\"podsandbox\",\"io_type\":\"\"},\"test-handler\":{\"runtimeType\":\"io.containerd.runc.v2\",\"runtimePath\":\"\",\"PodAnnotations\":null,\"ContainerAnnotations\":null,\"options\":{\"SystemdCgroup\":true},\"privileged_without_host_devices\":false,\"privileged_without_host_devices_all_devices_allowed\":false,\"cgroupWritable\":false,\"baseRuntimeSpec\":\"/etc/containerd/cri-base.json\",\"cniConfDir\":\"\",\"cniMaxConfNum\":0,\"snapshotter\":\"\",\"sandboxer\":\"podsandbox\",\"io_type\":\"\"}},\"ignoreBlockIONotEnabledErrors\":false,\"ignoreRdtNotEnabledErrors\":false},\"cni\":{\"binDir\":\"\",\"binDirs\":[\"/opt/cni/bin\"],\"confDir\":\"/etc/cni/net.d\",\"maxConfNum\":1,\"setupSerially\":false,\"confTemplate\":\"\",\"ipPref\":\"\",\"useInternalLoopback\":false},\"enableSelinux\":false,\"selinuxCategoryRange\":1024,\"maxContainerLogLineSize\":16384,\"disableApparmor\":false,\"restrictOOMScoreAdj\":false,\"disableProcMount\":false,\"unsetSeccompProfile\":\"\",\"tolerateMissingHugetlbController\":true,\"disableHugetlbController\":true,\"device_ownership_from_security_context\":false,\"ignoreImageDefinedVolumes\":false,\"netnsMountsUnderStateDir\":false,\"enableUnprivilegedPorts\":true,\"enableUnprivilegedICMP\":true,\"enableCDI\":true,\"cdiSpecDirs\":[\"/etc/cdi\",\"/var/run/cdi\"],\"drainExecSyncIOTimeout\":\"0s\",\"ignoreDeprecationWarnings\":null,\"statsCollectPeriod\":\"\",\"statsRetentionPeriod\":\"\",\"containerdRootDir\":\"/var/lib/containerd\",\"containerdEndpoint\":\"/run/containerd/containerd.sock\",\"rootDir\":\"/var/lib/containerd/io.containerd.grpc.v1.cri\",\"stateDir\":\"/run/containerd/io.containerd.grpc.v1.cri\"}"
Sep 06 03:44:54 gitops-control-plane containerd[203]: time="2026-09-06T03:44:54.772807717Z" level=info msg="loading plugin" id=io.containerd.podsandbox.controller.v1.podsandbox type=io.containerd.podsandbox.controller.v1
Sep 06 03:44:54 gitops-control-plane containerd[203]: time="2026-09-06T03:44:54.772869125Z" level=info msg="loading plugin" id=io.containerd.sandbox.controller.v1.shim type=io.containerd.sandbox.controller.v1
Sep 06 03:44:54 gitops-control-plane containerd[203]: time="2026-09-06T03:44:54.772908853Z" level=info msg="loading plugin" id=io.containerd.grpc.v1.sandbox-controllers type=io.containerd.grpc.v1
Sep 06 03:44:54 gitops-control-plane containerd[203]: time="2026-09-06T03:44:54.772917112Z" level=info msg="loading plugin" id=io.containerd.grpc.v1.sandboxes type=io.containerd.grpc.v1
Sep 06 03:44:54 gitops-control-plane containerd[203]: time="2026-09-06T03:44:54.772920860Z" level=info msg="loading plugin" id=io.containerd.grpc.v1.snapshots type=io.containerd.grpc.v1
Sep 06 03:44:54 gitops-control-plane containerd[203]: time="2026-09-06T03:44:54.772923807Z" level=info msg="loading plugin" id=io.containerd.streaming.v1.manager type=io.containerd.streaming.v1
Sep 06 03:44:54 gitops-control-plane containerd[203]: time="2026-09-06T03:44:54.772929128Z" level=info msg="loading plugin" id=io.containerd.grpc.v1.streaming type=io.containerd.grpc.v1
Sep 06 03:44:54 gitops-control-plane containerd[203]: time="2026-09-06T03:44:54.772936972Z" level=info msg="loading plugin" id=io.containerd.grpc.v1.tasks type=io.containerd.grpc.v1
Sep 06 03:44:54 gitops-control-plane containerd[203]: time="2026-09-06T03:44:54.772943717Z" level=info msg="loading plugin" id=io.containerd.grpc.v1.transfer type=io.containerd.grpc.v1
Sep 06 03:44:54 gitops-control-plane containerd[203]: time="2026-09-06T03:44:54.772948779Z" level=info msg="loading plugin" id=io.containerd.grpc.v1.version type=io.containerd.grpc.v1
Sep 06 03:44:54 gitops-control-plane containerd[203]: time="2026-09-06T03:44:54.772951864Z" level=info msg="loading plugin" id=io.containerd.grpc.v1.healthcheck type=io.containerd.grpc.v1
Sep 06 03:44:54 gitops-control-plane containerd[203]: time="2026-09-06T03:44:54.772955439Z" level=info msg="loading plugin" id=io.containerd.grpc.v1.cri type=io.containerd.grpc.v1
Sep 06 03:44:54 gitops-control-plane containerd[203]: time="2026-09-06T03:44:54.772963016Z" level=info msg="Connect containerd service"
Sep 06 03:44:54 gitops-control-plane containerd[203]: time="2026-09-06T03:44:54.772983595Z" level=info msg="using experimental NRI integration - disable nri plugin to prevent this"
Sep 06 03:44:54 gitops-control-plane containerd[203]: time="2026-09-06T03:44:54.773415961Z" level=warning msg="failed to load cni during init, please check CRI plugin status before setting up network for pods" error="cni config load failed: no network config found in /etc/cni/net.d: cni plugin not initialized: failed to load cni config"
Sep 06 03:44:54 gitops-control-plane containerd[203]: time="2026-09-06T03:44:54.785268560Z" level=info msg="loading plugin" id=io.containerd.server.v1.ttrpc type=io.containerd.server.v1
Sep 06 03:44:54 gitops-control-plane containerd[203]: time="2026-09-06T03:44:54.785311446Z" level=info msg="loading plugin" id=io.containerd.monitor.container.v1.restart type=io.containerd.monitor.container.v1
Sep 06 03:44:54 gitops-control-plane containerd[203]: time="2026-09-06T03:44:54.785329986Z" level=info msg="loading plugin" id=io.containerd.metrics.v1.grpc-prometheus type=io.containerd.metrics.v1
Sep 06 03:44:54 gitops-control-plane containerd[203]: time="2026-09-06T03:44:54.785349679Z" level=info msg="loading plugin" id=io.containerd.metrics.v1.grpc-otel type=io.containerd.metrics.v1
Sep 06 03:44:54 gitops-control-plane containerd[203]: time="2026-09-06T03:44:54.785357190Z" level=info msg="loading plugin" id=io.containerd.server.v1.grpc type=io.containerd.server.v1
Sep 06 03:44:54 gitops-control-plane containerd[203]: time="2026-09-06T03:44:54.785366471Z" level=info msg="Start subscribing containerd event"
Sep 06 03:44:54 gitops-control-plane containerd[203]: time="2026-09-06T03:44:54.785476605Z" level=info msg="Start stats collector"
Sep 06 03:44:54 gitops-control-plane containerd[203]: time="2026-09-06T03:44:54.785485729Z" level=info msg="Start recovering state"
Sep 06 03:44:54 gitops-control-plane containerd[203]: time="2026-09-06T03:44:54.788559331Z" level=warning msg="The image registry.k8s.io/pause:3.10 is not unpacked."
Sep 06 03:44:54 gitops-control-plane containerd[203]: time="2026-09-06T03:44:54.789013666Z" level=warning msg="The image docker.io/kindest/local-path-provisioner:v20260521-9fb22683 is not unpacked."
Sep 06 03:44:54 gitops-control-plane containerd[203]: time="2026-09-06T03:44:54.789118829Z" level=warning msg="The image registry.k8s.io/kube-apiserver:v1.36.1 is not unpacked."
Sep 06 03:44:54 gitops-control-plane containerd[203]: time="2026-09-06T03:44:54.789898800Z" level=warning msg="The image docker.io/kindest/local-path-helper:v20260131-7181c60a is not unpacked."
Sep 06 03:44:54 gitops-control-plane containerd[203]: time="2026-09-06T03:44:54.790036683Z" level=warning msg="The image sha256:e5e695fbdadac88d9ee437aaabe9419819eecf2b6e2eb26d8b0a27b747bc658a is not unpacked."
Sep 06 03:44:54 gitops-control-plane containerd[203]: time="2026-09-06T03:44:54.790294355Z" level=warning msg="The image import-2026-06-02@sha256:834d6b8414308aed626e67979c4665f21b3651e5d8d04ae68d960a4f844b4e81 is not unpacked."
Sep 06 03:44:54 gitops-control-plane containerd[203]: time="2026-09-06T03:44:54.790749154Z" level=warning msg="The image docker.io/kindest/kindnetd:v20260528-9350166c is not unpacked."
Sep 06 03:44:54 gitops-control-plane containerd[203]: time="2026-09-06T03:44:54.790814764Z" level=warning msg="The image registry.k8s.io/kube-scheduler:v1.36.1 is not unpacked."
Sep 06 03:44:54 gitops-control-plane containerd[203]: time="2026-09-06T03:44:54.790831945Z" level=warning msg="The image sha256:78282b5844742761f4b51b4dbc2103e5bda6c694fbacd5afe7dfa3b23b4e1590 is not unpacked."
Sep 06 03:44:54 gitops-control-plane containerd[203]: time="2026-09-06T03:44:54.790830372Z" level=warning msg="The image sha256:ee85eb1f0edd27fd11e3bed20f21a4001ad63107eb2f8d489429648a799c0e86 is not unpacked."
Sep 06 03:44:54 gitops-control-plane containerd[203]: time="2026-09-06T03:44:54.790884669Z" level=warning msg="The image registry.k8s.io/coredns/coredns:v1.14.2 is not unpacked."
Sep 06 03:44:54 gitops-control-plane containerd[203]: time="2026-09-06T03:44:54.791034692Z" level=warning msg="The image import-2026-06-02@sha256:77add4a58677c7fa1a02b42381a024adc860f8d6bbdf38a89d7f8803c116e43c is not unpacked."
Sep 06 03:44:54 gitops-control-plane containerd[203]: time="2026-09-06T03:44:54.791052615Z" level=warning msg="The image registry.k8s.io/kube-controller-manager:v1.36.1 is not unpacked."
Sep 06 03:44:54 gitops-control-plane containerd[203]: time="2026-09-06T03:44:54.791067499Z" level=warning msg="The image registry.k8s.io/kube-apiserver-amd64:v1.36.1 is not unpacked."
Sep 06 03:44:54 gitops-control-plane containerd[203]: time="2026-09-06T03:44:54.791102786Z" level=warning msg="The image sha256:873ed75102791e5b0b8a7fcd41606c92fcec98d56d05ead4ac5131650004c136 is not unpacked."
Sep 06 03:44:54 gitops-control-plane containerd[203]: time="2026-09-06T03:44:54.791174432Z" level=warning msg="The image sha256:e44e5463fce88882cdd5da8c626840ac5d980a30d322c3d4484009f548ba76de is not unpacked."
Sep 06 03:44:54 gitops-control-plane containerd[203]: time="2026-09-06T03:44:54.791275317Z" level=warning msg="The image sha256:38667dd9be96c17227adde456e33ad701bdbdc5c6db0272a1d33a929bd8e62d6 is not unpacked."
Sep 06 03:44:54 gitops-control-plane containerd[203]: time="2026-09-06T03:44:54.791338126Z" level=warning msg="The image sha256:315157c5c4d7605a3830b3cf84354bc5423830b9975769267eac2466d60036be is not unpacked."
Sep 06 03:44:54 gitops-control-plane containerd[203]: time="2026-09-06T03:44:54.791417971Z" level=warning msg="The image import-2026-06-02@sha256:3fb749e08554fac4cde5dc53397de761b92939d34ead7e3c89248a8bf5b621e4 is not unpacked."
Sep 06 03:44:54 gitops-control-plane containerd[203]: time="2026-09-06T03:44:54.791458708Z" level=warning msg="The image registry.k8s.io/kube-controller-manager-amd64:v1.36.1 is not unpacked."
Sep 06 03:44:54 gitops-control-plane containerd[203]: time="2026-09-06T03:44:54.791505737Z" level=warning msg="The image import-2026-06-02@sha256:48e12aa71c24cf624334ae6f0373f1e1b85825254085475eda149111a926e33c is not unpacked."
Sep 06 03:44:54 gitops-control-plane containerd[203]: time="2026-09-06T03:44:54.791615898Z" level=warning msg="The image sha256:b665198f31ae0e1bb7488858964d6f2a60e6052c1091d3e79f37108b29edbcc4 is not unpacked."
Sep 06 03:44:54 gitops-control-plane containerd[203]: time="2026-09-06T03:44:54.792011874Z" level=warning msg="The image registry.k8s.io/kube-proxy-amd64:v1.36.1 is not unpacked."
Sep 06 03:44:54 gitops-control-plane containerd[203]: time="2026-09-06T03:44:54.792021475Z" level=warning msg="The image registry.k8s.io/kube-scheduler-amd64:v1.36.1 is not unpacked."
Sep 06 03:44:54 gitops-control-plane containerd[203]: time="2026-09-06T03:44:54.792107136Z" level=warning msg="The image registry.k8s.io/kube-proxy:v1.36.1 is not unpacked."
Sep 06 03:44:54 gitops-control-plane containerd[203]: time="2026-09-06T03:44:54.792292644Z" level=warning msg="The image registry.k8s.io/etcd:3.6.8-0 is not unpacked."
Sep 06 03:44:54 gitops-control-plane containerd[203]: time="2026-09-06T03:44:54.792297131Z" level=warning msg="The image sha256:c2616bc3c695669d9cf234cb17fccbbb77931dded6e7aca9327ec596b8ba88f9 is not unpacked."
Sep 06 03:44:54 gitops-control-plane containerd[203]: time="2026-09-06T03:44:54.792541718Z" level=warning msg="The image sha256:19aa6a21b42cb57f6f76e0f3584d7dfec241a3f3568cd6590a2967c28d9cdce3 is not unpacked."
Sep 06 03:44:54 gitops-control-plane containerd[203]: time="2026-09-06T03:44:54.793162635Z" level=info msg="loading plugin" id=io.containerd.server.v1.grpc-tcp type=io.containerd.server.v1
Sep 06 03:44:54 gitops-control-plane containerd[203]: time="2026-09-06T03:44:54.793185690Z" level=info msg="skip loading plugin" error="skip plugin" id=io.containerd.server.v1.grpc-tcp type=io.containerd.server.v1
Sep 06 03:44:54 gitops-control-plane containerd[203]: time="2026-09-06T03:44:54.793190611Z" level=info msg="loading plugin" id=io.containerd.http.v1.pprof type=io.containerd.http.v1
Sep 06 03:44:54 gitops-control-plane containerd[203]: time="2026-09-06T03:44:54.793214084Z" level=info msg="loading plugin" id=io.containerd.server.v1.debug type=io.containerd.server.v1
Sep 06 03:44:54 gitops-control-plane containerd[203]: time="2026-09-06T03:44:54.793218256Z" level=info msg="skip loading plugin" error="skip plugin" id=io.containerd.server.v1.debug type=io.containerd.server.v1
Sep 06 03:44:54 gitops-control-plane containerd[203]: time="2026-09-06T03:44:54.793323912Z" level=info msg=serving... address=/run/containerd/containerd.sock.ttrpc
Sep 06 03:44:54 gitops-control-plane containerd[203]: time="2026-09-06T03:44:54.793370733Z" level=info msg="starting GRPC server" address=/run/containerd/containerd.sock gid=0 uid=0
Sep 06 03:44:54 gitops-control-plane containerd[203]: time="2026-09-06T03:44:54.793426085Z" level=info msg=serving... address=/run/containerd/containerd.sock
Sep 06 03:44:54 gitops-control-plane containerd[203]: time="2026-09-06T03:44:54.800294733Z" level=info msg="Start event monitor"
Sep 06 03:44:54 gitops-control-plane containerd[203]: time="2026-09-06T03:44:54.800331069Z" level=info msg="Start cni network conf syncer for default"
Sep 06 03:44:54 gitops-control-plane containerd[203]: time="2026-09-06T03:44:54.800335254Z" level=info msg="Start streaming server"
Sep 06 03:44:54 gitops-control-plane containerd[203]: time="2026-09-06T03:44:54.800340822Z" level=info msg="Registered namespace \"k8s.io\" with NRI"
Sep 06 03:44:54 gitops-control-plane containerd[203]: time="2026-09-06T03:44:54.800345163Z" level=info msg="runtime interface starting up..."
Sep 06 03:44:54 gitops-control-plane containerd[203]: time="2026-09-06T03:44:54.800347532Z" level=info msg="starting plugins..."
Sep 06 03:44:54 gitops-control-plane containerd[203]: time="2026-09-06T03:44:54.800359636Z" level=info msg="Synchronizing NRI (plugin) with current runtime state"
Sep 06 03:44:54 gitops-control-plane containerd[203]: time="2026-09-06T03:44:54.800472761Z" level=info msg="containerd successfully booted in 0.050678s"
Sep 06 03:44:54 gitops-control-plane systemd[1]: Started containerd.service - containerd container runtime.
Sep 06 03:44:54 gitops-control-plane systemd[1]: Reached target multi-user.target - Multi-User System.
Sep 06 03:44:54 gitops-control-plane systemd[1]: Reached target graphical.target - Graphical Interface.
Sep 06 03:44:54 gitops-control-plane systemd[1]: Startup finished in 194ms.
Sep 06 03:44:55 gitops-control-plane systemd[1]: proc-cgroups.mount: Deactivated successfully.
Sep 06 03:44:55 gitops-control-plane systemd[1]: Reload requested from client PID 300 ('systemctl')...
Sep 06 03:44:55 gitops-control-plane systemd[1]: Reloading...
Sep 06 03:44:55 gitops-control-plane systemd[1]: Reloading finished in 70 ms.
Sep 06 03:44:55 gitops-control-plane systemd[1]: Starting kubelet.service - kubelet: The Kubernetes Node Agent...
Sep 06 03:44:55 gitops-control-plane systemd[1]: kubelet.slice: Failed to delete controller cgroups /kubelet.slice, ignoring: Device or resource busy
Sep 06 03:44:55 gitops-control-plane systemd[1]: Started kubelet.service - kubelet: The Kubernetes Node Agent.
Sep 06 03:44:56 gitops-control-plane kubelet[321]: E0906 03:44:56.011111     321 run.go:72] "command failed" err="failed to validate kubelet configuration, error: kubelet is configured to not run on a host using cgroup v1. cgroup v1 support is unsupported and will be removed in a future release, path: &TypeMeta{Kind:,APIVersion:,}"
Sep 06 03:44:56 gitops-control-plane systemd[1]: kubelet.service: Main process exited, code=exited, status=1/FAILURE
Sep 06 03:44:56 gitops-control-plane systemd[1]: kubelet.service: Failed with result 'exit-code'.
Sep 06 03:44:57 gitops-control-plane systemd[1]: kubelet.service: Scheduled restart job, restart counter is at 1.
Sep 06 03:44:57 gitops-control-plane systemd[1]: Starting kubelet.service - kubelet: The Kubernetes Node Agent...
Sep 06 03:44:57 gitops-control-plane systemd[1]: Started kubelet.service - kubelet: The Kubernetes Node Agent.
Sep 06 03:44:57 gitops-control-plane kubelet[339]: E0906 03:44:57.112788     339 run.go:72] "command failed" err="failed to validate kubelet configuration, error: kubelet is configured to not run on a host using cgroup v1. cgroup v1 support is unsupported and will be removed in a future release, path: &TypeMeta{Kind:,APIVersion:,}"
Sep 06 03:44:57 gitops-control-plane systemd[1]: kubelet.service: Main process exited, code=exited, status=1/FAILURE
Sep 06 03:44:57 gitops-control-plane systemd[1]: kubelet.service: Failed with result 'exit-code'.
Sep 06 03:44:58 gitops-control-plane systemd[1]: kubelet.service: Scheduled restart job, restart counter is at 2.
Sep 06 03:44:58 gitops-control-plane systemd[1]: Starting kubelet.service - kubelet: The Kubernetes Node Agent...
Sep 06 03:44:58 gitops-control-plane systemd[1]: Started kubelet.service - kubelet: The Kubernetes Node Agent.
Sep 06 03:44:58 gitops-control-plane kubelet[358]: E0906 03:44:58.369266     358 run.go:72] "command failed" err="failed to validate kubelet configuration, error: kubelet is configured to not run on a host using cgroup v1. cgroup v1 support is unsupported and will be removed in a future release, path: &TypeMeta{Kind:,APIVersion:,}"
Sep 06 03:44:58 gitops-control-plane systemd[1]: kubelet.service: Main process exited, code=exited, status=1/FAILURE
Sep 06 03:44:58 gitops-control-plane systemd[1]: kubelet.service: Failed with result 'exit-code'.
Sep 06 03:44:59 gitops-control-plane systemd[1]: kubelet.service: Scheduled restart job, restart counter is at 3.
Sep 06 03:44:59 gitops-control-plane systemd[1]: Starting kubelet.service - kubelet: The Kubernetes Node Agent...
Sep 06 03:44:59 gitops-control-plane systemd[1]: Started kubelet.service - kubelet: The Kubernetes Node Agent.
Sep 06 03:44:59 gitops-control-plane kubelet[377]: E0906 03:44:59.626009     377 run.go:72] "command failed" err="failed to validate kubelet configuration, error: kubelet is configured to not run on a host using cgroup v1. cgroup v1 support is unsupported and will be removed in a future release, path: &TypeMeta{Kind:,APIVersion:,}"
Sep 06 03:44:59 gitops-control-plane systemd[1]: kubelet.service: Main process exited, code=exited, status=1/FAILURE
Sep 06 03:44:59 gitops-control-plane systemd[1]: kubelet.service: Failed with result 'exit-code'.
Sep 06 03:45:00 gitops-control-plane systemd[1]: kubelet.service: Scheduled restart job, restart counter is at 4.
Sep 06 03:45:00 gitops-control-plane systemd[1]: Starting kubelet.service - kubelet: The Kubernetes Node Agent...
Sep 06 03:45:00 gitops-control-plane systemd[1]: Started kubelet.service - kubelet: The Kubernetes Node Agent.
Sep 06 03:45:00 gitops-control-plane kubelet[397]: E0906 03:45:00.853974     397 run.go:72] "command failed" err="failed to validate kubelet configuration, error: kubelet is configured to not run on a host using cgroup v1. cgroup v1 support is unsupported and will be removed in a future release, path: &TypeMeta{Kind:,APIVersion:,}"
Sep 06 03:45:00 gitops-control-plane systemd[1]: kubelet.service: Main process exited, code=exited, status=1/FAILURE
Sep 06 03:45:00 gitops-control-plane systemd[1]: kubelet.service: Failed with result 'exit-code'.
Sep 06 03:45:02 gitops-control-plane systemd[1]: kubelet.service: Scheduled restart job, restart counter is at 5.
Sep 06 03:45:02 gitops-control-plane systemd[1]: Starting kubelet.service - kubelet: The Kubernetes Node Agent...
Sep 06 03:45:02 gitops-control-plane systemd[1]: Started kubelet.service - kubelet: The Kubernetes Node Agent.
Sep 06 03:45:02 gitops-control-plane kubelet[417]: E0906 03:45:02.100714     417 run.go:72] "command failed" err="failed to validate kubelet configuration, error: kubelet is configured to not run on a host using cgroup v1. cgroup v1 support is unsupported and will be removed in a future release, path: &TypeMeta{Kind:,APIVersion:,}"
Sep 06 03:45:02 gitops-control-plane systemd[1]: kubelet.service: Main process exited, code=exited, status=1/FAILURE
Sep 06 03:45:02 gitops-control-plane systemd[1]: kubelet.service: Failed with result 'exit-code'.
Sep 06 03:45:03 gitops-control-plane systemd[1]: kubelet.service: Scheduled restart job, restart counter is at 6.
Sep 06 03:45:03 gitops-control-plane systemd[1]: Starting kubelet.service - kubelet: The Kubernetes Node Agent...
Sep 06 03:45:03 gitops-control-plane systemd[1]: Started kubelet.service - kubelet: The Kubernetes Node Agent.
Sep 06 03:45:03 gitops-control-plane kubelet[437]: E0906 03:45:03.349024     437 run.go:72] "command failed" err="failed to validate kubelet configuration, error: kubelet is configured to not run on a host using cgroup v1. cgroup v1 support is unsupported and will be removed in a future release, path: &TypeMeta{Kind:,APIVersion:,}"
Sep 06 03:45:03 gitops-control-plane systemd[1]: kubelet.service: Main process exited, code=exited, status=1/FAILURE
Sep 06 03:45:03 gitops-control-plane systemd[1]: kubelet.service: Failed with result 'exit-code'.
Sep 06 03:45:04 gitops-control-plane systemd[1]: kubelet.service: Scheduled restart job, restart counter is at 7.
Sep 06 03:45:04 gitops-control-plane systemd[1]: Starting kubelet.service - kubelet: The Kubernetes Node Agent...
Sep 06 03:45:04 gitops-control-plane systemd[1]: Started kubelet.service - kubelet: The Kubernetes Node Agent.
Sep 06 03:45:04 gitops-control-plane kubelet[455]: E0906 03:45:04.617987     455 run.go:72] "command failed" err="failed to validate kubelet configuration, error: kubelet is configured to not run on a host using cgroup v1. cgroup v1 support is unsupported and will be removed in a future release, path: &TypeMeta{Kind:,APIVersion:,}"
Sep 06 03:45:04 gitops-control-plane systemd[1]: kubelet.service: Main process exited, code=exited, status=1/FAILURE
Sep 06 03:45:04 gitops-control-plane systemd[1]: kubelet.service: Failed with result 'exit-code'.
Sep 06 03:45:05 gitops-control-plane systemd[1]: kubelet.service: Scheduled restart job, restart counter is at 8.
Sep 06 03:45:05 gitops-control-plane systemd[1]: Starting kubelet.service - kubelet: The Kubernetes Node Agent...
Sep 06 03:45:05 gitops-control-plane systemd[1]: Started kubelet.service - kubelet: The Kubernetes Node Agent.
Sep 06 03:45:05 gitops-control-plane kubelet[472]: E0906 03:45:05.876663     472 run.go:72] "command failed" err="failed to validate kubelet configuration, error: kubelet is configured to not run on a host using cgroup v1. cgroup v1 support is unsupported and will be removed in a future release, path: &TypeMeta{Kind:,APIVersion:,}"
Sep 06 03:45:05 gitops-control-plane systemd[1]: kubelet.service: Main process exited, code=exited, status=1/FAILURE
Sep 06 03:45:05 gitops-control-plane systemd[1]: kubelet.service: Failed with result 'exit-code'.
Sep 06 03:45:07 gitops-control-plane systemd[1]: kubelet.service: Scheduled restart job, restart counter is at 9.
Sep 06 03:45:07 gitops-control-plane systemd[1]: Starting kubelet.service - kubelet: The Kubernetes Node Agent...
Sep 06 03:45:07 gitops-control-plane systemd[1]: Started kubelet.service - kubelet: The Kubernetes Node Agent.
Sep 06 03:45:07 gitops-control-plane kubelet[492]: E0906 03:45:07.116455     492 run.go:72] "command failed" err="failed to validate kubelet configuration, error: kubelet is configured to not run on a host using cgroup v1. cgroup v1 support is unsupported and will be removed in a future release, path: &TypeMeta{Kind:,APIVersion:,}"
Sep 06 03:45:07 gitops-control-plane systemd[1]: kubelet.service: Main process exited, code=exited, status=1/FAILURE
Sep 06 03:45:07 gitops-control-plane systemd[1]: kubelet.service: Failed with result 'exit-code'.
Sep 06 03:45:08 gitops-control-plane systemd[1]: kubelet.service: Scheduled restart job, restart counter is at 10.
Sep 06 03:45:08 gitops-control-plane systemd[1]: Starting kubelet.service - kubelet: The Kubernetes Node Agent...
Sep 06 03:45:08 gitops-control-plane systemd[1]: Started kubelet.service - kubelet: The Kubernetes Node Agent.
Sep 06 03:45:08 gitops-control-plane kubelet[513]: E0906 03:45:08.383967     513 run.go:72] "command failed" err="failed to validate kubelet configuration, error: kubelet is configured to not run on a host using cgroup v1. cgroup v1 support is unsupported and will be removed in a future release, path: &TypeMeta{Kind:,APIVersion:,}"
Sep 06 03:45:08 gitops-control-plane systemd[1]: kubelet.service: Main process exited, code=exited, status=1/FAILURE
Sep 06 03:45:08 gitops-control-plane systemd[1]: kubelet.service: Failed with result 'exit-code'.
Sep 06 03:45:09 gitops-control-plane systemd[1]: kubelet.service: Scheduled restart job, restart counter is at 11.
Sep 06 03:45:09 gitops-control-plane systemd[1]: Starting kubelet.service - kubelet: The Kubernetes Node Agent...
Sep 06 03:45:09 gitops-control-plane systemd[1]: Started kubelet.service - kubelet: The Kubernetes Node Agent.
Sep 06 03:45:09 gitops-control-plane kubelet[532]: E0906 03:45:09.601951     532 run.go:72] "command failed" err="failed to validate kubelet configuration, error: kubelet is configured to not run on a host using cgroup v1. cgroup v1 support is unsupported and will be removed in a future release, path: &TypeMeta{Kind:,APIVersion:,}"
Sep 06 03:45:09 gitops-control-plane systemd[1]: kubelet.service: Main process exited, code=exited, status=1/FAILURE
Sep 06 03:45:09 gitops-control-plane systemd[1]: kubelet.service: Failed with result 'exit-code'.
Sep 06 03:45:10 gitops-control-plane systemd[1]: kubelet.service: Scheduled restart job, restart counter is at 12.
Sep 06 03:45:10 gitops-control-plane systemd[1]: Starting kubelet.service - kubelet: The Kubernetes Node Agent...
Sep 06 03:45:10 gitops-control-plane systemd[1]: Started kubelet.service - kubelet: The Kubernetes Node Agent.
Sep 06 03:45:10 gitops-control-plane kubelet[551]: E0906 03:45:10.847439     551 run.go:72] "command failed" err="failed to validate kubelet configuration, error: kubelet is configured to not run on a host using cgroup v1. cgroup v1 support is unsupported and will be removed in a future release, path: &TypeMeta{Kind:,APIVersion:,}"
Sep 06 03:45:10 gitops-control-plane systemd[1]: kubelet.service: Main process exited, code=exited, status=1/FAILURE
Sep 06 03:45:10 gitops-control-plane systemd[1]: kubelet.service: Failed with result 'exit-code'.
Sep 06 03:45:12 gitops-control-plane systemd[1]: kubelet.service: Scheduled restart job, restart counter is at 13.
Sep 06 03:45:12 gitops-control-plane systemd[1]: Starting kubelet.service - kubelet: The Kubernetes Node Agent...
Sep 06 03:45:12 gitops-control-plane systemd[1]: Started kubelet.service - kubelet: The Kubernetes Node Agent.
Sep 06 03:45:12 gitops-control-plane kubelet[569]: E0906 03:45:12.106155     569 run.go:72] "command failed" err="failed to validate kubelet configuration, error: kubelet is configured to not run on a host using cgroup v1. cgroup v1 support is unsupported and will be removed in a future release, path: &TypeMeta{Kind:,APIVersion:,}"
Sep 06 03:45:12 gitops-control-plane systemd[1]: kubelet.service: Main process exited, code=exited, status=1/FAILURE
Sep 06 03:45:12 gitops-control-plane systemd[1]: kubelet.service: Failed with result 'exit-code'.
Sep 06 03:45:13 gitops-control-plane systemd[1]: kubelet.service: Scheduled restart job, restart counter is at 14.
Sep 06 03:45:13 gitops-control-plane systemd[1]: Starting kubelet.service - kubelet: The Kubernetes Node Agent...
Sep 06 03:45:13 gitops-control-plane systemd[1]: Started kubelet.service - kubelet: The Kubernetes Node Agent.
Sep 06 03:45:13 gitops-control-plane kubelet[589]: E0906 03:45:13.357890     589 run.go:72] "command failed" err="failed to validate kubelet configuration, error: kubelet is configured to not run on a host using cgroup v1. cgroup v1 support is unsupported and will be removed in a future release, path: &TypeMeta{Kind:,APIVersion:,}"
Sep 06 03:45:13 gitops-control-plane systemd[1]: kubelet.service: Main process exited, code=exited, status=1/FAILURE
Sep 06 03:45:13 gitops-control-plane systemd[1]: kubelet.service: Failed with result 'exit-code'.
Sep 06 03:45:14 gitops-control-plane systemd[1]: kubelet.service: Scheduled restart job, restart counter is at 15.
Sep 06 03:45:14 gitops-control-plane systemd[1]: Starting kubelet.service - kubelet: The Kubernetes Node Agent...
Sep 06 03:45:14 gitops-control-plane systemd[1]: Started kubelet.service - kubelet: The Kubernetes Node Agent.
Sep 06 03:45:14 gitops-control-plane kubelet[609]: E0906 03:45:14.603970     609 run.go:72] "command failed" err="failed to validate kubelet configuration, error: kubelet is configured to not run on a host using cgroup v1. cgroup v1 support is unsupported and will be removed in a future release, path: &TypeMeta{Kind:,APIVersion:,}"
Sep 06 03:45:14 gitops-control-plane systemd[1]: kubelet.service: Main process exited, code=exited, status=1/FAILURE
Sep 06 03:45:14 gitops-control-plane systemd[1]: kubelet.service: Failed with result 'exit-code'.
Sep 06 03:45:15 gitops-control-plane systemd[1]: kubelet.service: Scheduled restart job, restart counter is at 16.
Sep 06 03:45:15 gitops-control-plane systemd[1]: Starting kubelet.service - kubelet: The Kubernetes Node Agent...
Sep 06 03:45:15 gitops-control-plane systemd[1]: Started kubelet.service - kubelet: The Kubernetes Node Agent.
Sep 06 03:45:15 gitops-control-plane kubelet[627]: E0906 03:45:15.874778     627 run.go:72] "command failed" err="failed to validate kubelet configuration, error: kubelet is configured to not run on a host using cgroup v1. cgroup v1 support is unsupported and will be removed in a future release, path: &TypeMeta{Kind:,APIVersion:,}"
Sep 06 03:45:15 gitops-control-plane systemd[1]: kubelet.service: Main process exited, code=exited, status=1/FAILURE
Sep 06 03:45:15 gitops-control-plane systemd[1]: kubelet.service: Failed with result 'exit-code'.
Sep 06 03:45:17 gitops-control-plane systemd[1]: kubelet.service: Scheduled restart job, restart counter is at 17.
Sep 06 03:45:17 gitops-control-plane systemd[1]: Starting kubelet.service - kubelet: The Kubernetes Node Agent...
Sep 06 03:45:17 gitops-control-plane systemd[1]: Started kubelet.service - kubelet: The Kubernetes Node Agent.
Sep 06 03:45:17 gitops-control-plane kubelet[648]: E0906 03:45:17.122273     648 run.go:72] "command failed" err="failed to validate kubelet configuration, error: kubelet is configured to not run on a host using cgroup v1. cgroup v1 support is unsupported and will be removed in a future release, path: &TypeMeta{Kind:,APIVersion:,}"
Sep 06 03:45:17 gitops-control-plane systemd[1]: kubelet.service: Main process exited, code=exited, status=1/FAILURE
Sep 06 03:45:17 gitops-control-plane systemd[1]: kubelet.service: Failed with result 'exit-code'.
Sep 06 03:45:18 gitops-control-plane systemd[1]: kubelet.service: Scheduled restart job, restart counter is at 18.
Sep 06 03:45:18 gitops-control-plane systemd[1]: Starting kubelet.service - kubelet: The Kubernetes Node Agent...
Sep 06 03:45:18 gitops-control-plane systemd[1]: Started kubelet.service - kubelet: The Kubernetes Node Agent.
Sep 06 03:45:18 gitops-control-plane kubelet[667]: E0906 03:45:18.349950     667 run.go:72] "command failed" err="failed to validate kubelet configuration, error: kubelet is configured to not run on a host using cgroup v1. cgroup v1 support is unsupported and will be removed in a future release, path: &TypeMeta{Kind:,APIVersion:,}"
Sep 06 03:45:18 gitops-control-plane systemd[1]: kubelet.service: Main process exited, code=exited, status=1/FAILURE
Sep 06 03:45:18 gitops-control-plane systemd[1]: kubelet.service: Failed with result 'exit-code'.
Sep 06 03:45:19 gitops-control-plane systemd[1]: kubelet.service: Scheduled restart job, restart counter is at 19.
Sep 06 03:45:19 gitops-control-plane systemd[1]: Starting kubelet.service - kubelet: The Kubernetes Node Agent...
Sep 06 03:45:19 gitops-control-plane systemd[1]: Started kubelet.service - kubelet: The Kubernetes Node Agent.
Sep 06 03:45:19 gitops-control-plane kubelet[684]: E0906 03:45:19.620198     684 run.go:72] "command failed" err="failed to validate kubelet configuration, error: kubelet is configured to not run on a host using cgroup v1. cgroup v1 support is unsupported and will be removed in a future release, path: &TypeMeta{Kind:,APIVersion:,}"
Sep 06 03:45:19 gitops-control-plane systemd[1]: kubelet.service: Main process exited, code=exited, status=1/FAILURE
Sep 06 03:45:19 gitops-control-plane systemd[1]: kubelet.service: Failed with result 'exit-code'.
Sep 06 03:45:20 gitops-control-plane systemd[1]: kubelet.service: Scheduled restart job, restart counter is at 20.
Sep 06 03:45:20 gitops-control-plane systemd[1]: Starting kubelet.service - kubelet: The Kubernetes Node Agent...
Sep 06 03:45:20 gitops-control-plane systemd[1]: Started kubelet.service - kubelet: The Kubernetes Node Agent.
Sep 06 03:45:20 gitops-control-plane kubelet[705]: E0906 03:45:20.872390     705 run.go:72] "command failed" err="failed to validate kubelet configuration, error: kubelet is configured to not run on a host using cgroup v1. cgroup v1 support is unsupported and will be removed in a future release, path: &TypeMeta{Kind:,APIVersion:,}"
Sep 06 03:45:20 gitops-control-plane systemd[1]: kubelet.service: Main process exited, code=exited, status=1/FAILURE
Sep 06 03:45:20 gitops-control-plane systemd[1]: kubelet.service: Failed with result 'exit-code'.
Sep 06 03:45:22 gitops-control-plane systemd[1]: kubelet.service: Scheduled restart job, restart counter is at 21.
Sep 06 03:45:22 gitops-control-plane systemd[1]: Starting kubelet.service - kubelet: The Kubernetes Node Agent...
Sep 06 03:45:22 gitops-control-plane systemd[1]: Started kubelet.service - kubelet: The Kubernetes Node Agent.
Sep 06 03:45:22 gitops-control-plane kubelet[724]: E0906 03:45:22.111226     724 run.go:72] "command failed" err="failed to validate kubelet configuration, error: kubelet is configured to not run on a host using cgroup v1. cgroup v1 support is unsupported and will be removed in a future release, path: &TypeMeta{Kind:,APIVersion:,}"
Sep 06 03:45:22 gitops-control-plane systemd[1]: kubelet.service: Main process exited, code=exited, status=1/FAILURE
Sep 06 03:45:22 gitops-control-plane systemd[1]: kubelet.service: Failed with result 'exit-code'.
Sep 06 03:45:23 gitops-control-plane systemd[1]: kubelet.service: Scheduled restart job, restart counter is at 22.
Sep 06 03:45:23 gitops-control-plane systemd[1]: Starting kubelet.service - kubelet: The Kubernetes Node Agent...
Sep 06 03:45:23 gitops-control-plane systemd[1]: Started kubelet.service - kubelet: The Kubernetes Node Agent.
Sep 06 03:45:23 gitops-control-plane kubelet[744]: E0906 03:45:23.358658     744 run.go:72] "command failed" err="failed to validate kubelet configuration, error: kubelet is configured to not run on a host using cgroup v1. cgroup v1 support is unsupported and will be removed in a future release, path: &TypeMeta{Kind:,APIVersion:,}"
Sep 06 03:45:23 gitops-control-plane systemd[1]: kubelet.service: Main process exited, code=exited, status=1/FAILURE
Sep 06 03:45:23 gitops-control-plane systemd[1]: kubelet.service: Failed with result 'exit-code'.
Sep 06 03:45:24 gitops-control-plane systemd[1]: kubelet.service: Scheduled restart job, restart counter is at 23.
Sep 06 03:45:24 gitops-control-plane systemd[1]: Starting kubelet.service - kubelet: The Kubernetes Node Agent...
Sep 06 03:45:24 gitops-control-plane systemd[1]: Started kubelet.service - kubelet: The Kubernetes Node Agent.
Sep 06 03:45:24 gitops-control-plane kubelet[763]: E0906 03:45:24.624198     763 run.go:72] "command failed" err="failed to validate kubelet configuration, error: kubelet is configured to not run on a host using cgroup v1. cgroup v1 support is unsupported and will be removed in a future release, path: &TypeMeta{Kind:,APIVersion:,}"
Sep 06 03:45:24 gitops-control-plane systemd[1]: kubelet.service: Main process exited, code=exited, status=1/FAILURE
Sep 06 03:45:24 gitops-control-plane systemd[1]: kubelet.service: Failed with result 'exit-code'.
Sep 06 03:45:25 gitops-control-plane systemd[1]: kubelet.service: Scheduled restart job, restart counter is at 24.
Sep 06 03:45:25 gitops-control-plane systemd[1]: Starting kubelet.service - kubelet: The Kubernetes Node Agent...
Sep 06 03:45:25 gitops-control-plane systemd[1]: Started kubelet.service - kubelet: The Kubernetes Node Agent.
Sep 06 03:45:25 gitops-control-plane kubelet[783]: E0906 03:45:25.865964     783 run.go:72] "command failed" err="failed to validate kubelet configuration, error: kubelet is configured to not run on a host using cgroup v1. cgroup v1 support is unsupported and will be removed in a future release, path: &TypeMeta{Kind:,APIVersion:,}"
Sep 06 03:45:25 gitops-control-plane systemd[1]: kubelet.service: Main process exited, code=exited, status=1/FAILURE
Sep 06 03:45:25 gitops-control-plane systemd[1]: kubelet.service: Failed with result 'exit-code'.
Sep 06 03:45:27 gitops-control-plane systemd[1]: kubelet.service: Scheduled restart job, restart counter is at 25.
Sep 06 03:45:27 gitops-control-plane systemd[1]: Starting kubelet.service - kubelet: The Kubernetes Node Agent...
Sep 06 03:45:27 gitops-control-plane systemd[1]: Started kubelet.service - kubelet: The Kubernetes Node Agent.
Sep 06 03:45:27 gitops-control-plane kubelet[801]: E0906 03:45:27.098404     801 run.go:72] "command failed" err="failed to validate kubelet configuration, error: kubelet is configured to not run on a host using cgroup v1. cgroup v1 support is unsupported and will be removed in a future release, path: &TypeMeta{Kind:,APIVersion:,}"
Sep 06 03:45:27 gitops-control-plane systemd[1]: kubelet.service: Main process exited, code=exited, status=1/FAILURE
Sep 06 03:45:27 gitops-control-plane systemd[1]: kubelet.service: Failed with result 'exit-code'.
Sep 06 03:45:28 gitops-control-plane systemd[1]: kubelet.service: Scheduled restart job, restart counter is at 26.
Sep 06 03:45:28 gitops-control-plane systemd[1]: Starting kubelet.service - kubelet: The Kubernetes Node Agent...
Sep 06 03:45:28 gitops-control-plane systemd[1]: Started kubelet.service - kubelet: The Kubernetes Node Agent.
Sep 06 03:45:28 gitops-control-plane kubelet[822]: E0906 03:45:28.353216     822 run.go:72] "command failed" err="failed to validate kubelet configuration, error: kubelet is configured to not run on a host using cgroup v1. cgroup v1 support is unsupported and will be removed in a future release, path: &TypeMeta{Kind:,APIVersion:,}"
Sep 06 03:45:28 gitops-control-plane systemd[1]: kubelet.service: Main process exited, code=exited, status=1/FAILURE
Sep 06 03:45:28 gitops-control-plane systemd[1]: kubelet.service: Failed with result 'exit-code'.
Sep 06 03:45:29 gitops-control-plane systemd[1]: kubelet.service: Scheduled restart job, restart counter is at 27.
Sep 06 03:45:29 gitops-control-plane systemd[1]: Starting kubelet.service - kubelet: The Kubernetes Node Agent...
Sep 06 03:45:29 gitops-control-plane systemd[1]: Started kubelet.service - kubelet: The Kubernetes Node Agent.
Sep 06 03:45:29 gitops-control-plane kubelet[841]: E0906 03:45:29.618686     841 run.go:72] "command failed" err="failed to validate kubelet configuration, error: kubelet is configured to not run on a host using cgroup v1. cgroup v1 support is unsupported and will be removed in a future release, path: &TypeMeta{Kind:,APIVersion:,}"
Sep 06 03:45:29 gitops-control-plane systemd[1]: kubelet.service: Main process exited, code=exited, status=1/FAILURE
Sep 06 03:45:29 gitops-control-plane systemd[1]: kubelet.service: Failed with result 'exit-code'.
Sep 06 03:45:30 gitops-control-plane systemd[1]: kubelet.service: Scheduled restart job, restart counter is at 28.
Sep 06 03:45:30 gitops-control-plane systemd[1]: Starting kubelet.service - kubelet: The Kubernetes Node Agent...
Sep 06 03:45:30 gitops-control-plane systemd[1]: Started kubelet.service - kubelet: The Kubernetes Node Agent.
Sep 06 03:45:30 gitops-control-plane kubelet[861]: E0906 03:45:30.859677     861 run.go:72] "command failed" err="failed to validate kubelet configuration, error: kubelet is configured to not run on a host using cgroup v1. cgroup v1 support is unsupported and will be removed in a future release, path: &TypeMeta{Kind:,APIVersion:,}"
Sep 06 03:45:30 gitops-control-plane systemd[1]: kubelet.service: Main process exited, code=exited, status=1/FAILURE
Sep 06 03:45:30 gitops-control-plane systemd[1]: kubelet.service: Failed with result 'exit-code'.
Sep 06 03:45:32 gitops-control-plane systemd[1]: kubelet.service: Scheduled restart job, restart counter is at 29.
Sep 06 03:45:32 gitops-control-plane systemd[1]: Starting kubelet.service - kubelet: The Kubernetes Node Agent...
Sep 06 03:45:32 gitops-control-plane systemd[1]: Started kubelet.service - kubelet: The Kubernetes Node Agent.
Sep 06 03:45:32 gitops-control-plane kubelet[880]: E0906 03:45:32.122959     880 run.go:72] "command failed" err="failed to validate kubelet configuration, error: kubelet is configured to not run on a host using cgroup v1. cgroup v1 support is unsupported and will be removed in a future release, path: &TypeMeta{Kind:,APIVersion:,}"
Sep 06 03:45:32 gitops-control-plane systemd[1]: kubelet.service: Main process exited, code=exited, status=1/FAILURE
Sep 06 03:45:32 gitops-control-plane systemd[1]: kubelet.service: Failed with result 'exit-code'.
Sep 06 03:45:33 gitops-control-plane systemd[1]: kubelet.service: Scheduled restart job, restart counter is at 30.
Sep 06 03:45:33 gitops-control-plane systemd[1]: Starting kubelet.service - kubelet: The Kubernetes Node Agent...
Sep 06 03:45:33 gitops-control-plane systemd[1]: Started kubelet.service - kubelet: The Kubernetes Node Agent.
Sep 06 03:45:33 gitops-control-plane kubelet[899]: E0906 03:45:33.360903     899 run.go:72] "command failed" err="failed to validate kubelet configuration, error: kubelet is configured to not run on a host using cgroup v1. cgroup v1 support is unsupported and will be removed in a future release, path: &TypeMeta{Kind:,APIVersion:,}"
Sep 06 03:45:33 gitops-control-plane systemd[1]: kubelet.service: Main process exited, code=exited, status=1/FAILURE
Sep 06 03:45:33 gitops-control-plane systemd[1]: kubelet.service: Failed with result 'exit-code'.
Sep 06 03:45:34 gitops-control-plane systemd[1]: kubelet.service: Scheduled restart job, restart counter is at 31.
Sep 06 03:45:34 gitops-control-plane systemd[1]: Starting kubelet.service - kubelet: The Kubernetes Node Agent...
Sep 06 03:45:34 gitops-control-plane systemd[1]: Started kubelet.service - kubelet: The Kubernetes Node Agent.
Sep 06 03:45:34 gitops-control-plane kubelet[917]: E0906 03:45:34.613568     917 run.go:72] "command failed" err="failed to validate kubelet configuration, error: kubelet is configured to not run on a host using cgroup v1. cgroup v1 support is unsupported and will be removed in a future release, path: &TypeMeta{Kind:,APIVersion:,}"
Sep 06 03:45:34 gitops-control-plane systemd[1]: kubelet.service: Main process exited, code=exited, status=1/FAILURE
Sep 06 03:45:34 gitops-control-plane systemd[1]: kubelet.service: Failed with result 'exit-code'.
Sep 06 03:45:35 gitops-control-plane systemd[1]: kubelet.service: Scheduled restart job, restart counter is at 32.
Sep 06 03:45:35 gitops-control-plane systemd[1]: Starting kubelet.service - kubelet: The Kubernetes Node Agent...
Sep 06 03:45:35 gitops-control-plane systemd[1]: Started kubelet.service - kubelet: The Kubernetes Node Agent.
Sep 06 03:45:35 gitops-control-plane kubelet[935]: E0906 03:45:35.860666     935 run.go:72] "command failed" err="failed to validate kubelet configuration, error: kubelet is configured to not run on a host using cgroup v1. cgroup v1 support is unsupported and will be removed in a future release, path: &TypeMeta{Kind:,APIVersion:,}"
Sep 06 03:45:35 gitops-control-plane systemd[1]: kubelet.service: Main process exited, code=exited, status=1/FAILURE
Sep 06 03:45:35 gitops-control-plane systemd[1]: kubelet.service: Failed with result 'exit-code'.
Sep 06 03:45:37 gitops-control-plane systemd[1]: kubelet.service: Scheduled restart job, restart counter is at 33.
Sep 06 03:45:37 gitops-control-plane systemd[1]: Starting kubelet.service - kubelet: The Kubernetes Node Agent...
Sep 06 03:45:37 gitops-control-plane systemd[1]: Started kubelet.service - kubelet: The Kubernetes Node Agent.
Sep 06 03:45:37 gitops-control-plane kubelet[954]: E0906 03:45:37.116715     954 run.go:72] "command failed" err="failed to validate kubelet configuration, error: kubelet is configured to not run on a host using cgroup v1. cgroup v1 support is unsupported and will be removed in a future release, path: &TypeMeta{Kind:,APIVersion:,}"
Sep 06 03:45:37 gitops-control-plane systemd[1]: kubelet.service: Main process exited, code=exited, status=1/FAILURE
Sep 06 03:45:37 gitops-control-plane systemd[1]: kubelet.service: Failed with result 'exit-code'.
Sep 06 03:45:38 gitops-control-plane systemd[1]: kubelet.service: Scheduled restart job, restart counter is at 34.
Sep 06 03:45:38 gitops-control-plane systemd[1]: Starting kubelet.service - kubelet: The Kubernetes Node Agent...
Sep 06 03:45:38 gitops-control-plane systemd[1]: Started kubelet.service - kubelet: The Kubernetes Node Agent.
Sep 06 03:45:38 gitops-control-plane kubelet[974]: E0906 03:45:38.367506     974 run.go:72] "command failed" err="failed to validate kubelet configuration, error: kubelet is configured to not run on a host using cgroup v1. cgroup v1 support is unsupported and will be removed in a future release, path: &TypeMeta{Kind:,APIVersion:,}"
Sep 06 03:45:38 gitops-control-plane systemd[1]: kubelet.service: Main process exited, code=exited, status=1/FAILURE
Sep 06 03:45:38 gitops-control-plane systemd[1]: kubelet.service: Failed with result 'exit-code'.
Sep 06 03:45:39 gitops-control-plane systemd[1]: kubelet.service: Scheduled restart job, restart counter is at 35.
Sep 06 03:45:39 gitops-control-plane systemd[1]: Starting kubelet.service - kubelet: The Kubernetes Node Agent...
Sep 06 03:45:39 gitops-control-plane systemd[1]: Started kubelet.service - kubelet: The Kubernetes Node Agent.
Sep 06 03:45:39 gitops-control-plane kubelet[993]: E0906 03:45:39.693697     993 run.go:72] "command failed" err="failed to validate kubelet configuration, error: kubelet is configured to not run on a host using cgroup v1. cgroup v1 support is unsupported and will be removed in a future release, path: &TypeMeta{Kind:,APIVersion:,}"
Sep 06 03:45:39 gitops-control-plane systemd[1]: kubelet.service: Main process exited, code=exited, status=1/FAILURE
Sep 06 03:45:39 gitops-control-plane systemd[1]: kubelet.service: Failed with result 'exit-code'.
Sep 06 03:45:40 gitops-control-plane systemd[1]: kubelet.service: Scheduled restart job, restart counter is at 36.
Sep 06 03:45:40 gitops-control-plane systemd[1]: Starting kubelet.service - kubelet: The Kubernetes Node Agent...
Sep 06 03:45:40 gitops-control-plane systemd[1]: Started kubelet.service - kubelet: The Kubernetes Node Agent.
Sep 06 03:45:40 gitops-control-plane kubelet[1012]: E0906 03:45:40.872502    1012 run.go:72] "command failed" err="failed to validate kubelet configuration, error: kubelet is configured to not run on a host using cgroup v1. cgroup v1 support is unsupported and will be removed in a future release, path: &TypeMeta{Kind:,APIVersion:,}"
Sep 06 03:45:40 gitops-control-plane systemd[1]: kubelet.service: Main process exited, code=exited, status=1/FAILURE
Sep 06 03:45:40 gitops-control-plane systemd[1]: kubelet.service: Failed with result 'exit-code'.
Sep 06 03:45:42 gitops-control-plane systemd[1]: kubelet.service: Scheduled restart job, restart counter is at 37.
Sep 06 03:45:42 gitops-control-plane systemd[1]: Starting kubelet.service - kubelet: The Kubernetes Node Agent...
Sep 06 03:45:42 gitops-control-plane systemd[1]: Started kubelet.service - kubelet: The Kubernetes Node Agent.
Sep 06 03:45:42 gitops-control-plane kubelet[1032]: E0906 03:45:42.133212    1032 run.go:72] "command failed" err="failed to validate kubelet configuration, error: kubelet is configured to not run on a host using cgroup v1. cgroup v1 support is unsupported and will be removed in a future release, path: &TypeMeta{Kind:,APIVersion:,}"
Sep 06 03:45:42 gitops-control-plane systemd[1]: kubelet.service: Main process exited, code=exited, status=1/FAILURE
Sep 06 03:45:42 gitops-control-plane systemd[1]: kubelet.service: Failed with result 'exit-code'.
Sep 06 03:45:43 gitops-control-plane systemd[1]: kubelet.service: Scheduled restart job, restart counter is at 38.
Sep 06 03:45:43 gitops-control-plane systemd[1]: Starting kubelet.service - kubelet: The Kubernetes Node Agent...
Sep 06 03:45:43 gitops-control-plane systemd[1]: Started kubelet.service - kubelet: The Kubernetes Node Agent.
Sep 06 03:45:43 gitops-control-plane kubelet[1052]: E0906 03:45:43.379820    1052 run.go:72] "command failed" err="failed to validate kubelet configuration, error: kubelet is configured to not run on a host using cgroup v1. cgroup v1 support is unsupported and will be removed in a future release, path: &TypeMeta{Kind:,APIVersion:,}"
Sep 06 03:45:43 gitops-control-plane systemd[1]: kubelet.service: Main process exited, code=exited, status=1/FAILURE
Sep 06 03:45:43 gitops-control-plane systemd[1]: kubelet.service: Failed with result 'exit-code'.
Sep 06 03:45:44 gitops-control-plane systemd[1]: kubelet.service: Scheduled restart job, restart counter is at 39.
Sep 06 03:45:44 gitops-control-plane systemd[1]: Starting kubelet.service - kubelet: The Kubernetes Node Agent...
Sep 06 03:45:44 gitops-control-plane systemd[1]: Started kubelet.service - kubelet: The Kubernetes Node Agent.
Sep 06 03:45:44 gitops-control-plane kubelet[1071]: E0906 03:45:44.627246    1071 run.go:72] "command failed" err="failed to validate kubelet configuration, error: kubelet is configured to not run on a host using cgroup v1. cgroup v1 support is unsupported and will be removed in a future release, path: &TypeMeta{Kind:,APIVersion:,}"
Sep 06 03:45:44 gitops-control-plane systemd[1]: kubelet.service: Main process exited, code=exited, status=1/FAILURE
Sep 06 03:45:44 gitops-control-plane systemd[1]: kubelet.service: Failed with result 'exit-code'.
Sep 06 03:45:45 gitops-control-plane systemd[1]: kubelet.service: Scheduled restart job, restart counter is at 40.
Sep 06 03:45:45 gitops-control-plane systemd[1]: Starting kubelet.service - kubelet: The Kubernetes Node Agent...
Sep 06 03:45:45 gitops-control-plane systemd[1]: Started kubelet.service - kubelet: The Kubernetes Node Agent.
Sep 06 03:45:45 gitops-control-plane kubelet[1090]: E0906 03:45:45.855369    1090 run.go:72] "command failed" err="failed to validate kubelet configuration, error: kubelet is configured to not run on a host using cgroup v1. cgroup v1 support is unsupported and will be removed in a future release, path: &TypeMeta{Kind:,APIVersion:,}"
Sep 06 03:45:45 gitops-control-plane systemd[1]: kubelet.service: Main process exited, code=exited, status=1/FAILURE
Sep 06 03:45:45 gitops-control-plane systemd[1]: kubelet.service: Failed with result 'exit-code'.
Sep 06 03:45:47 gitops-control-plane systemd[1]: kubelet.service: Scheduled restart job, restart counter is at 41.
Sep 06 03:45:47 gitops-control-plane systemd[1]: Starting kubelet.service - kubelet: The Kubernetes Node Agent...
Sep 06 03:45:47 gitops-control-plane systemd[1]: Started kubelet.service - kubelet: The Kubernetes Node Agent.
Sep 06 03:45:47 gitops-control-plane kubelet[1110]: E0906 03:45:47.122184    1110 run.go:72] "command failed" err="failed to validate kubelet configuration, error: kubelet is configured to not run on a host using cgroup v1. cgroup v1 support is unsupported and will be removed in a future release, path: &TypeMeta{Kind:,APIVersion:,}"
Sep 06 03:45:47 gitops-control-plane systemd[1]: kubelet.service: Main process exited, code=exited, status=1/FAILURE
Sep 06 03:45:47 gitops-control-plane systemd[1]: kubelet.service: Failed with result 'exit-code'.
Sep 06 03:45:48 gitops-control-plane systemd[1]: kubelet.service: Scheduled restart job, restart counter is at 42.
Sep 06 03:45:48 gitops-control-plane systemd[1]: Starting kubelet.service - kubelet: The Kubernetes Node Agent...
Sep 06 03:45:48 gitops-control-plane systemd[1]: Started kubelet.service - kubelet: The Kubernetes Node Agent.
Sep 06 03:45:48 gitops-control-plane kubelet[1130]: E0906 03:45:48.362348    1130 run.go:72] "command failed" err="failed to validate kubelet configuration, error: kubelet is configured to not run on a host using cgroup v1. cgroup v1 support is unsupported and will be removed in a future release, path: &TypeMeta{Kind:,APIVersion:,}"
Sep 06 03:45:48 gitops-control-plane systemd[1]: kubelet.service: Main process exited, code=exited, status=1/FAILURE
Sep 06 03:45:48 gitops-control-plane systemd[1]: kubelet.service: Failed with result 'exit-code'.
Sep 06 03:45:49 gitops-control-plane systemd[1]: kubelet.service: Scheduled restart job, restart counter is at 43.
Sep 06 03:45:49 gitops-control-plane systemd[1]: Starting kubelet.service - kubelet: The Kubernetes Node Agent...
Sep 06 03:45:49 gitops-control-plane systemd[1]: Started kubelet.service - kubelet: The Kubernetes Node Agent.
Sep 06 03:45:49 gitops-control-plane kubelet[1150]: E0906 03:45:49.603488    1150 run.go:72] "command failed" err="failed to validate kubelet configuration, error: kubelet is configured to not run on a host using cgroup v1. cgroup v1 support is unsupported and will be removed in a future release, path: &TypeMeta{Kind:,APIVersion:,}"
Sep 06 03:45:49 gitops-control-plane systemd[1]: kubelet.service: Main process exited, code=exited, status=1/FAILURE
Sep 06 03:45:49 gitops-control-plane systemd[1]: kubelet.service: Failed with result 'exit-code'.
Sep 06 03:45:50 gitops-control-plane systemd[1]: kubelet.service: Scheduled restart job, restart counter is at 44.
Sep 06 03:45:50 gitops-control-plane systemd[1]: Starting kubelet.service - kubelet: The Kubernetes Node Agent...
Sep 06 03:45:50 gitops-control-plane systemd[1]: Started kubelet.service - kubelet: The Kubernetes Node Agent.
Sep 06 03:45:50 gitops-control-plane kubelet[1169]: E0906 03:45:50.860860    1169 run.go:72] "command failed" err="failed to validate kubelet configuration, error: kubelet is configured to not run on a host using cgroup v1. cgroup v1 support is unsupported and will be removed in a future release, path: &TypeMeta{Kind:,APIVersion:,}"
Sep 06 03:45:50 gitops-control-plane systemd[1]: kubelet.service: Main process exited, code=exited, status=1/FAILURE
Sep 06 03:45:50 gitops-control-plane systemd[1]: kubelet.service: Failed with result 'exit-code'.
Sep 06 03:45:52 gitops-control-plane systemd[1]: kubelet.service: Scheduled restart job, restart counter is at 45.
Sep 06 03:45:52 gitops-control-plane systemd[1]: Starting kubelet.service - kubelet: The Kubernetes Node Agent...
Sep 06 03:45:52 gitops-control-plane systemd[1]: Started kubelet.service - kubelet: The Kubernetes Node Agent.
Sep 06 03:45:52 gitops-control-plane kubelet[1188]: E0906 03:45:52.117983    1188 run.go:72] "command failed" err="failed to validate kubelet configuration, error: kubelet is configured to not run on a host using cgroup v1. cgroup v1 support is unsupported and will be removed in a future release, path: &TypeMeta{Kind:,APIVersion:,}"
Sep 06 03:45:52 gitops-control-plane systemd[1]: kubelet.service: Main process exited, code=exited, status=1/FAILURE
Sep 06 03:45:52 gitops-control-plane systemd[1]: kubelet.service: Failed with result 'exit-code'.
Sep 06 03:45:53 gitops-control-plane systemd[1]: kubelet.service: Scheduled restart job, restart counter is at 46.
Sep 06 03:45:53 gitops-control-plane systemd[1]: Starting kubelet.service - kubelet: The Kubernetes Node Agent...
Sep 06 03:45:53 gitops-control-plane systemd[1]: Started kubelet.service - kubelet: The Kubernetes Node Agent.
Sep 06 03:45:53 gitops-control-plane kubelet[1207]: E0906 03:45:53.377710    1207 run.go:72] "command failed" err="failed to validate kubelet configuration, error: kubelet is configured to not run on a host using cgroup v1. cgroup v1 support is unsupported and will be removed in a future release, path: &TypeMeta{Kind:,APIVersion:,}"
Sep 06 03:45:53 gitops-control-plane systemd[1]: kubelet.service: Main process exited, code=exited, status=1/FAILURE
Sep 06 03:45:53 gitops-control-plane systemd[1]: kubelet.service: Failed with result 'exit-code'.
Sep 06 03:45:54 gitops-control-plane systemd[1]: kubelet.service: Scheduled restart job, restart counter is at 47.
Sep 06 03:45:54 gitops-control-plane systemd[1]: Starting kubelet.service - kubelet: The Kubernetes Node Agent...
Sep 06 03:45:54 gitops-control-plane systemd[1]: Started kubelet.service - kubelet: The Kubernetes Node Agent.
Sep 06 03:45:54 gitops-control-plane kubelet[1227]: E0906 03:45:54.612401    1227 run.go:72] "command failed" err="failed to validate kubelet configuration, error: kubelet is configured to not run on a host using cgroup v1. cgroup v1 support is unsupported and will be removed in a future release, path: &TypeMeta{Kind:,APIVersion:,}"
Sep 06 03:45:54 gitops-control-plane systemd[1]: kubelet.service: Main process exited, code=exited, status=1/FAILURE
Sep 06 03:45:54 gitops-control-plane systemd[1]: kubelet.service: Failed with result 'exit-code'.
Sep 06 03:45:55 gitops-control-plane systemd[1]: kubelet.service: Scheduled restart job, restart counter is at 48.
Sep 06 03:45:55 gitops-control-plane systemd[1]: Starting kubelet.service - kubelet: The Kubernetes Node Agent...
Sep 06 03:45:55 gitops-control-plane systemd[1]: Started kubelet.service - kubelet: The Kubernetes Node Agent.
Sep 06 03:45:55 gitops-control-plane kubelet[1246]: E0906 03:45:55.863454    1246 run.go:72] "command failed" err="failed to validate kubelet configuration, error: kubelet is configured to not run on a host using cgroup v1. cgroup v1 support is unsupported and will be removed in a future release, path: &TypeMeta{Kind:,APIVersion:,}"
Sep 06 03:45:55 gitops-control-plane systemd[1]: kubelet.service: Main process exited, code=exited, status=1/FAILURE
Sep 06 03:45:55 gitops-control-plane systemd[1]: kubelet.service: Failed with result 'exit-code'.
Sep 06 03:45:57 gitops-control-plane systemd[1]: kubelet.service: Scheduled restart job, restart counter is at 49.
Sep 06 03:45:57 gitops-control-plane systemd[1]: Starting kubelet.service - kubelet: The Kubernetes Node Agent...
Sep 06 03:45:57 gitops-control-plane systemd[1]: Started kubelet.service - kubelet: The Kubernetes Node Agent.
Sep 06 03:45:57 gitops-control-plane kubelet[1266]: E0906 03:45:57.115477    1266 run.go:72] "command failed" err="failed to validate kubelet configuration, error: kubelet is configured to not run on a host using cgroup v1. cgroup v1 support is unsupported and will be removed in a future release, path: &TypeMeta{Kind:,APIVersion:,}"
Sep 06 03:45:57 gitops-control-plane systemd[1]: kubelet.service: Main process exited, code=exited, status=1/FAILURE
Sep 06 03:45:57 gitops-control-plane systemd[1]: kubelet.service: Failed with result 'exit-code'.
Sep 06 03:45:58 gitops-control-plane systemd[1]: kubelet.service: Scheduled restart job, restart counter is at 50.
Sep 06 03:45:58 gitops-control-plane systemd[1]: Starting kubelet.service - kubelet: The Kubernetes Node Agent...
Sep 06 03:45:58 gitops-control-plane systemd[1]: Started kubelet.service - kubelet: The Kubernetes Node Agent.
Sep 06 03:45:58 gitops-control-plane kubelet[1284]: E0906 03:45:58.365675    1284 run.go:72] "command failed" err="failed to validate kubelet configuration, error: kubelet is configured to not run on a host using cgroup v1. cgroup v1 support is unsupported and will be removed in a future release, path: &TypeMeta{Kind:,APIVersion:,}"
Sep 06 03:45:58 gitops-control-plane systemd[1]: kubelet.service: Main process exited, code=exited, status=1/FAILURE
Sep 06 03:45:58 gitops-control-plane systemd[1]: kubelet.service: Failed with result 'exit-code'.
Sep 06 03:45:59 gitops-control-plane systemd[1]: kubelet.service: Scheduled restart job, restart counter is at 51.
Sep 06 03:45:59 gitops-control-plane systemd[1]: Starting kubelet.service - kubelet: The Kubernetes Node Agent...
Sep 06 03:45:59 gitops-control-plane systemd[1]: Started kubelet.service - kubelet: The Kubernetes Node Agent.
Sep 06 03:45:59 gitops-control-plane kubelet[1304]: E0906 03:45:59.612240    1304 run.go:72] "command failed" err="failed to validate kubelet configuration, error: kubelet is configured to not run on a host using cgroup v1. cgroup v1 support is unsupported and will be removed in a future release, path: &TypeMeta{Kind:,APIVersion:,}"
Sep 06 03:45:59 gitops-control-plane systemd[1]: kubelet.service: Main process exited, code=exited, status=1/FAILURE
Sep 06 03:45:59 gitops-control-plane systemd[1]: kubelet.service: Failed with result 'exit-code'.
Sep 06 03:46:00 gitops-control-plane systemd[1]: kubelet.service: Scheduled restart job, restart counter is at 52.
Sep 06 03:46:00 gitops-control-plane systemd[1]: Starting kubelet.service - kubelet: The Kubernetes Node Agent...
Sep 06 03:46:00 gitops-control-plane systemd[1]: Started kubelet.service - kubelet: The Kubernetes Node Agent.
Sep 06 03:46:00 gitops-control-plane kubelet[1324]: E0906 03:46:00.858242    1324 run.go:72] "command failed" err="failed to validate kubelet configuration, error: kubelet is configured to not run on a host using cgroup v1. cgroup v1 support is unsupported and will be removed in a future release, path: &TypeMeta{Kind:,APIVersion:,}"
Sep 06 03:46:00 gitops-control-plane systemd[1]: kubelet.service: Main process exited, code=exited, status=1/FAILURE
Sep 06 03:46:00 gitops-control-plane systemd[1]: kubelet.service: Failed with result 'exit-code'.
Sep 06 03:46:02 gitops-control-plane systemd[1]: kubelet.service: Scheduled restart job, restart counter is at 53.
Sep 06 03:46:02 gitops-control-plane systemd[1]: Starting kubelet.service - kubelet: The Kubernetes Node Agent...
Sep 06 03:46:02 gitops-control-plane systemd[1]: Started kubelet.service - kubelet: The Kubernetes Node Agent.
Sep 06 03:46:02 gitops-control-plane kubelet[1342]: E0906 03:46:02.109909    1342 run.go:72] "command failed" err="failed to validate kubelet configuration, error: kubelet is configured to not run on a host using cgroup v1. cgroup v1 support is unsupported and will be removed in a future release, path: &TypeMeta{Kind:,APIVersion:,}"
Sep 06 03:46:02 gitops-control-plane systemd[1]: kubelet.service: Main process exited, code=exited, status=1/FAILURE
Sep 06 03:46:02 gitops-control-plane systemd[1]: kubelet.service: Failed with result 'exit-code'.
Sep 06 03:46:03 gitops-control-plane systemd[1]: kubelet.service: Scheduled restart job, restart counter is at 54.
Sep 06 03:46:03 gitops-control-plane systemd[1]: Starting kubelet.service - kubelet: The Kubernetes Node Agent...
Sep 06 03:46:03 gitops-control-plane systemd[1]: Started kubelet.service - kubelet: The Kubernetes Node Agent.
Sep 06 03:46:03 gitops-control-plane kubelet[1361]: E0906 03:46:03.365639    1361 run.go:72] "command failed" err="failed to validate kubelet configuration, error: kubelet is configured to not run on a host using cgroup v1. cgroup v1 support is unsupported and will be removed in a future release, path: &TypeMeta{Kind:,APIVersion:,}"
Sep 06 03:46:03 gitops-control-plane systemd[1]: kubelet.service: Main process exited, code=exited, status=1/FAILURE
Sep 06 03:46:03 gitops-control-plane systemd[1]: kubelet.service: Failed with result 'exit-code'.
Sep 06 03:46:04 gitops-control-plane systemd[1]: kubelet.service: Scheduled restart job, restart counter is at 55.
Sep 06 03:46:04 gitops-control-plane systemd[1]: Starting kubelet.service - kubelet: The Kubernetes Node Agent...
Sep 06 03:46:04 gitops-control-plane systemd[1]: Started kubelet.service - kubelet: The Kubernetes Node Agent.
Sep 06 03:46:04 gitops-control-plane kubelet[1381]: E0906 03:46:04.635944    1381 run.go:72] "command failed" err="failed to validate kubelet configuration, error: kubelet is configured to not run on a host using cgroup v1. cgroup v1 support is unsupported and will be removed in a future release, path: &TypeMeta{Kind:,APIVersion:,}"
Sep 06 03:46:04 gitops-control-plane systemd[1]: kubelet.service: Main process exited, code=exited, status=1/FAILURE
Sep 06 03:46:04 gitops-control-plane systemd[1]: kubelet.service: Failed with result 'exit-code'.
Sep 06 03:46:05 gitops-control-plane systemd[1]: kubelet.service: Scheduled restart job, restart counter is at 56.
Sep 06 03:46:05 gitops-control-plane systemd[1]: Starting kubelet.service - kubelet: The Kubernetes Node Agent...
Sep 06 03:46:05 gitops-control-plane systemd[1]: Started kubelet.service - kubelet: The Kubernetes Node Agent.
Sep 06 03:46:05 gitops-control-plane kubelet[1400]: E0906 03:46:05.859741    1400 run.go:72] "command failed" err="failed to validate kubelet configuration, error: kubelet is configured to not run on a host using cgroup v1. cgroup v1 support is unsupported and will be removed in a future release, path: &TypeMeta{Kind:,APIVersion:,}"
Sep 06 03:46:05 gitops-control-plane systemd[1]: kubelet.service: Main process exited, code=exited, status=1/FAILURE
Sep 06 03:46:05 gitops-control-plane systemd[1]: kubelet.service: Failed with result 'exit-code'.
Sep 06 03:46:07 gitops-control-plane systemd[1]: kubelet.service: Scheduled restart job, restart counter is at 57.
Sep 06 03:46:07 gitops-control-plane systemd[1]: Starting kubelet.service - kubelet: The Kubernetes Node Agent...
Sep 06 03:46:07 gitops-control-plane systemd[1]: Started kubelet.service - kubelet: The Kubernetes Node Agent.
Sep 06 03:46:07 gitops-control-plane kubelet[1420]: E0906 03:46:07.151142    1420 run.go:72] "command failed" err="failed to validate kubelet configuration, error: kubelet is configured to not run on a host using cgroup v1. cgroup v1 support is unsupported and will be removed in a future release, path: &TypeMeta{Kind:,APIVersion:,}"
Sep 06 03:46:07 gitops-control-plane systemd[1]: kubelet.service: Main process exited, code=exited, status=1/FAILURE
Sep 06 03:46:07 gitops-control-plane systemd[1]: kubelet.service: Failed with result 'exit-code'.
Sep 06 03:46:08 gitops-control-plane systemd[1]: kubelet.service: Scheduled restart job, restart counter is at 58.
Sep 06 03:46:08 gitops-control-plane systemd[1]: Starting kubelet.service - kubelet: The Kubernetes Node Agent...
Sep 06 03:46:08 gitops-control-plane systemd[1]: Started kubelet.service - kubelet: The Kubernetes Node Agent.
Sep 06 03:46:08 gitops-control-plane kubelet[1439]: E0906 03:46:08.379944    1439 run.go:72] "command failed" err="failed to validate kubelet configuration, error: kubelet is configured to not run on a host using cgroup v1. cgroup v1 support is unsupported and will be removed in a future release, path: &TypeMeta{Kind:,APIVersion:,}"
Sep 06 03:46:08 gitops-control-plane systemd[1]: kubelet.service: Main process exited, code=exited, status=1/FAILURE
Sep 06 03:46:08 gitops-control-plane systemd[1]: kubelet.service: Failed with result 'exit-code'.
Sep 06 03:46:09 gitops-control-plane systemd[1]: kubelet.service: Scheduled restart job, restart counter is at 59.
Sep 06 03:46:09 gitops-control-plane systemd[1]: Starting kubelet.service - kubelet: The Kubernetes Node Agent...
Sep 06 03:46:09 gitops-control-plane systemd[1]: Started kubelet.service - kubelet: The Kubernetes Node Agent.
Sep 06 03:46:09 gitops-control-plane kubelet[1457]: E0906 03:46:09.616396    1457 run.go:72] "command failed" err="failed to validate kubelet configuration, error: kubelet is configured to not run on a host using cgroup v1. cgroup v1 support is unsupported and will be removed in a future release, path: &TypeMeta{Kind:,APIVersion:,}"
Sep 06 03:46:09 gitops-control-plane systemd[1]: kubelet.service: Main process exited, code=exited, status=1/FAILURE
Sep 06 03:46:09 gitops-control-plane systemd[1]: kubelet.service: Failed with result 'exit-code'.
Sep 06 03:46:10 gitops-control-plane systemd[1]: kubelet.service: Scheduled restart job, restart counter is at 60.
Sep 06 03:46:10 gitops-control-plane systemd[1]: Starting kubelet.service - kubelet: The Kubernetes Node Agent...
Sep 06 03:46:10 gitops-control-plane systemd[1]: Started kubelet.service - kubelet: The Kubernetes Node Agent.
Sep 06 03:46:10 gitops-control-plane kubelet[1476]: E0906 03:46:10.878535    1476 run.go:72] "command failed" err="failed to validate kubelet configuration, error: kubelet is configured to not run on a host using cgroup v1. cgroup v1 support is unsupported and will be removed in a future release, path: &TypeMeta{Kind:,APIVersion:,}"
Sep 06 03:46:10 gitops-control-plane systemd[1]: kubelet.service: Main process exited, code=exited, status=1/FAILURE
Sep 06 03:46:10 gitops-control-plane systemd[1]: kubelet.service: Failed with result 'exit-code'.
Sep 06 03:46:12 gitops-control-plane systemd[1]: kubelet.service: Scheduled restart job, restart counter is at 61.
Sep 06 03:46:12 gitops-control-plane systemd[1]: Starting kubelet.service - kubelet: The Kubernetes Node Agent...
Sep 06 03:46:12 gitops-control-plane systemd[1]: Started kubelet.service - kubelet: The Kubernetes Node Agent.
Sep 06 03:46:12 gitops-control-plane kubelet[1497]: E0906 03:46:12.138544    1497 run.go:72] "command failed" err="failed to validate kubelet configuration, error: kubelet is configured to not run on a host using cgroup v1. cgroup v1 support is unsupported and will be removed in a future release, path: &TypeMeta{Kind:,APIVersion:,}"
Sep 06 03:46:12 gitops-control-plane systemd[1]: kubelet.service: Main process exited, code=exited, status=1/FAILURE
Sep 06 03:46:12 gitops-control-plane systemd[1]: kubelet.service: Failed with result 'exit-code'.
Sep 06 03:46:13 gitops-control-plane systemd[1]: kubelet.service: Scheduled restart job, restart counter is at 62.
Sep 06 03:46:13 gitops-control-plane systemd[1]: Starting kubelet.service - kubelet: The Kubernetes Node Agent...
Sep 06 03:46:13 gitops-control-plane systemd[1]: Started kubelet.service - kubelet: The Kubernetes Node Agent.
Sep 06 03:46:13 gitops-control-plane kubelet[1515]: E0906 03:46:13.386103    1515 run.go:72] "command failed" err="failed to validate kubelet configuration, error: kubelet is configured to not run on a host using cgroup v1. cgroup v1 support is unsupported and will be removed in a future release, path: &TypeMeta{Kind:,APIVersion:,}"
Sep 06 03:46:13 gitops-control-plane systemd[1]: kubelet.service: Main process exited, code=exited, status=1/FAILURE
Sep 06 03:46:13 gitops-control-plane systemd[1]: kubelet.service: Failed with result 'exit-code'.
Sep 06 03:46:14 gitops-control-plane systemd[1]: kubelet.service: Scheduled restart job, restart counter is at 63.
Sep 06 03:46:14 gitops-control-plane systemd[1]: Starting kubelet.service - kubelet: The Kubernetes Node Agent...
Sep 06 03:46:14 gitops-control-plane systemd[1]: Started kubelet.service - kubelet: The Kubernetes Node Agent.
Sep 06 03:46:14 gitops-control-plane kubelet[1535]: E0906 03:46:14.610194    1535 run.go:72] "command failed" err="failed to validate kubelet configuration, error: kubelet is configured to not run on a host using cgroup v1. cgroup v1 support is unsupported and will be removed in a future release, path: &TypeMeta{Kind:,APIVersion:,}"
Sep 06 03:46:14 gitops-control-plane systemd[1]: kubelet.service: Main process exited, code=exited, status=1/FAILURE
Sep 06 03:46:14 gitops-control-plane systemd[1]: kubelet.service: Failed with result 'exit-code'.
Sep 06 03:46:15 gitops-control-plane systemd[1]: kubelet.service: Scheduled restart job, restart counter is at 64.
Sep 06 03:46:15 gitops-control-plane systemd[1]: Starting kubelet.service - kubelet: The Kubernetes Node Agent...
Sep 06 03:46:15 gitops-control-plane systemd[1]: Started kubelet.service - kubelet: The Kubernetes Node Agent.
Sep 06 03:46:15 gitops-control-plane kubelet[1554]: E0906 03:46:15.865731    1554 run.go:72] "command failed" err="failed to validate kubelet configuration, error: kubelet is configured to not run on a host using cgroup v1. cgroup v1 support is unsupported and will be removed in a future release, path: &TypeMeta{Kind:,APIVersion:,}"
Sep 06 03:46:15 gitops-control-plane systemd[1]: kubelet.service: Main process exited, code=exited, status=1/FAILURE
Sep 06 03:46:15 gitops-control-plane systemd[1]: kubelet.service: Failed with result 'exit-code'.
Sep 06 03:46:17 gitops-control-plane systemd[1]: kubelet.service: Scheduled restart job, restart counter is at 65.
Sep 06 03:46:17 gitops-control-plane systemd[1]: Starting kubelet.service - kubelet: The Kubernetes Node Agent...
Sep 06 03:46:17 gitops-control-plane systemd[1]: Started kubelet.service - kubelet: The Kubernetes Node Agent.
Sep 06 03:46:17 gitops-control-plane kubelet[1573]: E0906 03:46:17.115298    1573 run.go:72] "command failed" err="failed to validate kubelet configuration, error: kubelet is configured to not run on a host using cgroup v1. cgroup v1 support is unsupported and will be removed in a future release, path: &TypeMeta{Kind:,APIVersion:,}"
Sep 06 03:46:17 gitops-control-plane systemd[1]: kubelet.service: Main process exited, code=exited, status=1/FAILURE
Sep 06 03:46:17 gitops-control-plane systemd[1]: kubelet.service: Failed with result 'exit-code'.
Sep 06 03:46:18 gitops-control-plane systemd[1]: kubelet.service: Scheduled restart job, restart counter is at 66.
Sep 06 03:46:18 gitops-control-plane systemd[1]: Starting kubelet.service - kubelet: The Kubernetes Node Agent...
Sep 06 03:46:18 gitops-control-plane systemd[1]: Started kubelet.service - kubelet: The Kubernetes Node Agent.
Sep 06 03:46:18 gitops-control-plane kubelet[1594]: E0906 03:46:18.361559    1594 run.go:72] "command failed" err="failed to validate kubelet configuration, error: kubelet is configured to not run on a host using cgroup v1. cgroup v1 support is unsupported and will be removed in a future release, path: &TypeMeta{Kind:,APIVersion:,}"
Sep 06 03:46:18 gitops-control-plane systemd[1]: kubelet.service: Main process exited, code=exited, status=1/FAILURE
Sep 06 03:46:18 gitops-control-plane systemd[1]: kubelet.service: Failed with result 'exit-code'.
Sep 06 03:46:19 gitops-control-plane systemd[1]: kubelet.service: Scheduled restart job, restart counter is at 67.
Sep 06 03:46:19 gitops-control-plane systemd[1]: Starting kubelet.service - kubelet: The Kubernetes Node Agent...
Sep 06 03:46:19 gitops-control-plane systemd[1]: Started kubelet.service - kubelet: The Kubernetes Node Agent.
Sep 06 03:46:19 gitops-control-plane kubelet[1612]: E0906 03:46:19.625484    1612 run.go:72] "command failed" err="failed to validate kubelet configuration, error: kubelet is configured to not run on a host using cgroup v1. cgroup v1 support is unsupported and will be removed in a future release, path: &TypeMeta{Kind:,APIVersion:,}"
Sep 06 03:46:19 gitops-control-plane systemd[1]: kubelet.service: Main process exited, code=exited, status=1/FAILURE
Sep 06 03:46:19 gitops-control-plane systemd[1]: kubelet.service: Failed with result 'exit-code'.
Sep 06 03:46:20 gitops-control-plane systemd[1]: kubelet.service: Scheduled restart job, restart counter is at 68.
Sep 06 03:46:20 gitops-control-plane systemd[1]: Starting kubelet.service - kubelet: The Kubernetes Node Agent...
Sep 06 03:46:20 gitops-control-plane systemd[1]: Started kubelet.service - kubelet: The Kubernetes Node Agent.
Sep 06 03:46:20 gitops-control-plane kubelet[1633]: E0906 03:46:20.862052    1633 run.go:72] "command failed" err="failed to validate kubelet configuration, error: kubelet is configured to not run on a host using cgroup v1. cgroup v1 support is unsupported and will be removed in a future release, path: &TypeMeta{Kind:,APIVersion:,}"
Sep 06 03:46:20 gitops-control-plane systemd[1]: kubelet.service: Main process exited, code=exited, status=1/FAILURE
Sep 06 03:46:20 gitops-control-plane systemd[1]: kubelet.service: Failed with result 'exit-code'.
Sep 06 03:46:22 gitops-control-plane systemd[1]: kubelet.service: Scheduled restart job, restart counter is at 69.
Sep 06 03:46:22 gitops-control-plane systemd[1]: Starting kubelet.service - kubelet: The Kubernetes Node Agent...
Sep 06 03:46:22 gitops-control-plane systemd[1]: Started kubelet.service - kubelet: The Kubernetes Node Agent.
Sep 06 03:46:22 gitops-control-plane kubelet[1651]: E0906 03:46:22.128206    1651 run.go:72] "command failed" err="failed to validate kubelet configuration, error: kubelet is configured to not run on a host using cgroup v1. cgroup v1 support is unsupported and will be removed in a future release, path: &TypeMeta{Kind:,APIVersion:,}"
Sep 06 03:46:22 gitops-control-plane systemd[1]: kubelet.service: Main process exited, code=exited, status=1/FAILURE
Sep 06 03:46:22 gitops-control-plane systemd[1]: kubelet.service: Failed with result 'exit-code'.
Sep 06 03:46:23 gitops-control-plane systemd[1]: kubelet.service: Scheduled restart job, restart counter is at 70.
Sep 06 03:46:23 gitops-control-plane systemd[1]: Starting kubelet.service - kubelet: The Kubernetes Node Agent...
Sep 06 03:46:23 gitops-control-plane systemd[1]: Started kubelet.service - kubelet: The Kubernetes Node Agent.
Sep 06 03:46:23 gitops-control-plane kubelet[1671]: E0906 03:46:23.374404    1671 run.go:72] "command failed" err="failed to validate kubelet configuration, error: kubelet is configured to not run on a host using cgroup v1. cgroup v1 support is unsupported and will be removed in a future release, path: &TypeMeta{Kind:,APIVersion:,}"
Sep 06 03:46:23 gitops-control-plane systemd[1]: kubelet.service: Main process exited, code=exited, status=1/FAILURE
Sep 06 03:46:23 gitops-control-plane systemd[1]: kubelet.service: Failed with result 'exit-code'.
Sep 06 03:46:24 gitops-control-plane systemd[1]: kubelet.service: Scheduled restart job, restart counter is at 71.
Sep 06 03:46:24 gitops-control-plane systemd[1]: Starting kubelet.service - kubelet: The Kubernetes Node Agent...
Sep 06 03:46:24 gitops-control-plane systemd[1]: Started kubelet.service - kubelet: The Kubernetes Node Agent.
Sep 06 03:46:24 gitops-control-plane kubelet[1691]: E0906 03:46:24.644976    1691 run.go:72] "command failed" err="failed to validate kubelet configuration, error: kubelet is configured to not run on a host using cgroup v1. cgroup v1 support is unsupported and will be removed in a future release, path: &TypeMeta{Kind:,APIVersion:,}"
Sep 06 03:46:24 gitops-control-plane systemd[1]: kubelet.service: Main process exited, code=exited, status=1/FAILURE
Sep 06 03:46:24 gitops-control-plane systemd[1]: kubelet.service: Failed with result 'exit-code'.
Sep 06 03:46:25 gitops-control-plane systemd[1]: kubelet.service: Scheduled restart job, restart counter is at 72.
Sep 06 03:46:25 gitops-control-plane systemd[1]: Starting kubelet.service - kubelet: The Kubernetes Node Agent...
Sep 06 03:46:25 gitops-control-plane systemd[1]: Started kubelet.service - kubelet: The Kubernetes Node Agent.
Sep 06 03:46:25 gitops-control-plane kubelet[1710]: E0906 03:46:25.857714    1710 run.go:72] "command failed" err="failed to validate kubelet configuration, error: kubelet is configured to not run on a host using cgroup v1. cgroup v1 support is unsupported and will be removed in a future release, path: &TypeMeta{Kind:,APIVersion:,}"
Sep 06 03:46:25 gitops-control-plane systemd[1]: kubelet.service: Main process exited, code=exited, status=1/FAILURE
Sep 06 03:46:25 gitops-control-plane systemd[1]: kubelet.service: Failed with result 'exit-code'.
Sep 06 03:46:27 gitops-control-plane systemd[1]: kubelet.service: Scheduled restart job, restart counter is at 73.
Sep 06 03:46:27 gitops-control-plane systemd[1]: Starting kubelet.service - kubelet: The Kubernetes Node Agent...
Sep 06 03:46:27 gitops-control-plane systemd[1]: Started kubelet.service - kubelet: The Kubernetes Node Agent.
Sep 06 03:46:27 gitops-control-plane kubelet[1729]: E0906 03:46:27.129415    1729 run.go:72] "command failed" err="failed to validate kubelet configuration, error: kubelet is configured to not run on a host using cgroup v1. cgroup v1 support is unsupported and will be removed in a future release, path: &TypeMeta{Kind:,APIVersion:,}"
Sep 06 03:46:27 gitops-control-plane systemd[1]: kubelet.service: Main process exited, code=exited, status=1/FAILURE
Sep 06 03:46:27 gitops-control-plane systemd[1]: kubelet.service: Failed with result 'exit-code'.
Sep 06 03:46:28 gitops-control-plane systemd[1]: kubelet.service: Scheduled restart job, restart counter is at 74.
Sep 06 03:46:28 gitops-control-plane systemd[1]: Starting kubelet.service - kubelet: The Kubernetes Node Agent...
Sep 06 03:46:28 gitops-control-plane systemd[1]: Started kubelet.service - kubelet: The Kubernetes Node Agent.
Sep 06 03:46:28 gitops-control-plane kubelet[1748]: E0906 03:46:28.363389    1748 run.go:72] "command failed" err="failed to validate kubelet configuration, error: kubelet is configured to not run on a host using cgroup v1. cgroup v1 support is unsupported and will be removed in a future release, path: &TypeMeta{Kind:,APIVersion:,}"
Sep 06 03:46:28 gitops-control-plane systemd[1]: kubelet.service: Main process exited, code=exited, status=1/FAILURE
Sep 06 03:46:28 gitops-control-plane systemd[1]: kubelet.service: Failed with result 'exit-code'.
Sep 06 03:46:29 gitops-control-plane systemd[1]: kubelet.service: Scheduled restart job, restart counter is at 75.
Sep 06 03:46:29 gitops-control-plane systemd[1]: Starting kubelet.service - kubelet: The Kubernetes Node Agent...
Sep 06 03:46:29 gitops-control-plane systemd[1]: Started kubelet.service - kubelet: The Kubernetes Node Agent.
Sep 06 03:46:29 gitops-control-plane kubelet[1767]: E0906 03:46:29.630038    1767 run.go:72] "command failed" err="failed to validate kubelet configuration, error: kubelet is configured to not run on a host using cgroup v1. cgroup v1 support is unsupported and will be removed in a future release, path: &TypeMeta{Kind:,APIVersion:,}"
Sep 06 03:46:29 gitops-control-plane systemd[1]: kubelet.service: Main process exited, code=exited, status=1/FAILURE
Sep 06 03:46:29 gitops-control-plane systemd[1]: kubelet.service: Failed with result 'exit-code'.
Sep 06 03:46:30 gitops-control-plane systemd[1]: kubelet.service: Scheduled restart job, restart counter is at 76.
Sep 06 03:46:30 gitops-control-plane systemd[1]: Starting kubelet.service - kubelet: The Kubernetes Node Agent...
Sep 06 03:46:30 gitops-control-plane systemd[1]: Started kubelet.service - kubelet: The Kubernetes Node Agent.
Sep 06 03:46:30 gitops-control-plane kubelet[1785]: E0906 03:46:30.859555    1785 run.go:72] "command failed" err="failed to validate kubelet configuration, error: kubelet is configured to not run on a host using cgroup v1. cgroup v1 support is unsupported and will be removed in a future release, path: &TypeMeta{Kind:,APIVersion:,}"
Sep 06 03:46:30 gitops-control-plane systemd[1]: kubelet.service: Main process exited, code=exited, status=1/FAILURE
Sep 06 03:46:30 gitops-control-plane systemd[1]: kubelet.service: Failed with result 'exit-code'.
Sep 06 03:46:32 gitops-control-plane systemd[1]: kubelet.service: Scheduled restart job, restart counter is at 77.
Sep 06 03:46:32 gitops-control-plane systemd[1]: Starting kubelet.service - kubelet: The Kubernetes Node Agent...
Sep 06 03:46:32 gitops-control-plane systemd[1]: Started kubelet.service - kubelet: The Kubernetes Node Agent.
Sep 06 03:46:32 gitops-control-plane kubelet[1804]: E0906 03:46:32.129196    1804 run.go:72] "command failed" err="failed to validate kubelet configuration, error: kubelet is configured to not run on a host using cgroup v1. cgroup v1 support is unsupported and will be removed in a future release, path: &TypeMeta{Kind:,APIVersion:,}"
Sep 06 03:46:32 gitops-control-plane systemd[1]: kubelet.service: Main process exited, code=exited, status=1/FAILURE
Sep 06 03:46:32 gitops-control-plane systemd[1]: kubelet.service: Failed with result 'exit-code'.
Sep 06 03:46:33 gitops-control-plane systemd[1]: kubelet.service: Scheduled restart job, restart counter is at 78.
Sep 06 03:46:33 gitops-control-plane systemd[1]: Starting kubelet.service - kubelet: The Kubernetes Node Agent...
Sep 06 03:46:33 gitops-control-plane systemd[1]: Started kubelet.service - kubelet: The Kubernetes Node Agent.
Sep 06 03:46:33 gitops-control-plane kubelet[1823]: E0906 03:46:33.363577    1823 run.go:72] "command failed" err="failed to validate kubelet configuration, error: kubelet is configured to not run on a host using cgroup v1. cgroup v1 support is unsupported and will be removed in a future release, path: &TypeMeta{Kind:,APIVersion:,}"
Sep 06 03:46:33 gitops-control-plane systemd[1]: kubelet.service: Main process exited, code=exited, status=1/FAILURE
Sep 06 03:46:33 gitops-control-plane systemd[1]: kubelet.service: Failed with result 'exit-code'.
Sep 06 03:46:34 gitops-control-plane systemd[1]: kubelet.service: Scheduled restart job, restart counter is at 79.
Sep 06 03:46:34 gitops-control-plane systemd[1]: Starting kubelet.service - kubelet: The Kubernetes Node Agent...
Sep 06 03:46:34 gitops-control-plane systemd[1]: Started kubelet.service - kubelet: The Kubernetes Node Agent.
Sep 06 03:46:34 gitops-control-plane kubelet[1842]: E0906 03:46:34.620807    1842 run.go:72] "command failed" err="failed to validate kubelet configuration, error: kubelet is configured to not run on a host using cgroup v1. cgroup v1 support is unsupported and will be removed in a future release, path: &TypeMeta{Kind:,APIVersion:,}"
Sep 06 03:46:34 gitops-control-plane systemd[1]: kubelet.service: Main process exited, code=exited, status=1/FAILURE
Sep 06 03:46:34 gitops-control-plane systemd[1]: kubelet.service: Failed with result 'exit-code'.
Sep 06 03:46:35 gitops-control-plane systemd[1]: kubelet.service: Scheduled restart job, restart counter is at 80.
Sep 06 03:46:35 gitops-control-plane systemd[1]: Starting kubelet.service - kubelet: The Kubernetes Node Agent...
Sep 06 03:46:35 gitops-control-plane systemd[1]: Started kubelet.service - kubelet: The Kubernetes Node Agent.
Sep 06 03:46:35 gitops-control-plane kubelet[1861]: E0906 03:46:35.899989    1861 run.go:72] "command failed" err="failed to validate kubelet configuration, error: kubelet is configured to not run on a host using cgroup v1. cgroup v1 support is unsupported and will be removed in a future release, path: &TypeMeta{Kind:,APIVersion:,}"
Sep 06 03:46:35 gitops-control-plane systemd[1]: kubelet.service: Main process exited, code=exited, status=1/FAILURE
Sep 06 03:46:35 gitops-control-plane systemd[1]: kubelet.service: Failed with result 'exit-code'.
Sep 06 03:46:37 gitops-control-plane systemd[1]: kubelet.service: Scheduled restart job, restart counter is at 81.
Sep 06 03:46:37 gitops-control-plane systemd[1]: Starting kubelet.service - kubelet: The Kubernetes Node Agent...
Sep 06 03:46:37 gitops-control-plane systemd[1]: Started kubelet.service - kubelet: The Kubernetes Node Agent.
Sep 06 03:46:37 gitops-control-plane kubelet[1882]: E0906 03:46:37.111860    1882 run.go:72] "command failed" err="failed to validate kubelet configuration, error: kubelet is configured to not run on a host using cgroup v1. cgroup v1 support is unsupported and will be removed in a future release, path: &TypeMeta{Kind:,APIVersion:,}"
Sep 06 03:46:37 gitops-control-plane systemd[1]: kubelet.service: Main process exited, code=exited, status=1/FAILURE
Sep 06 03:46:37 gitops-control-plane systemd[1]: kubelet.service: Failed with result 'exit-code'.
Sep 06 03:46:38 gitops-control-plane systemd[1]: kubelet.service: Scheduled restart job, restart counter is at 82.
Sep 06 03:46:38 gitops-control-plane systemd[1]: Starting kubelet.service - kubelet: The Kubernetes Node Agent...
Sep 06 03:46:38 gitops-control-plane systemd[1]: Started kubelet.service - kubelet: The Kubernetes Node Agent.
Sep 06 03:46:38 gitops-control-plane kubelet[1899]: E0906 03:46:38.358100    1899 run.go:72] "command failed" err="failed to validate kubelet configuration, error: kubelet is configured to not run on a host using cgroup v1. cgroup v1 support is unsupported and will be removed in a future release, path: &TypeMeta{Kind:,APIVersion:,}"
Sep 06 03:46:38 gitops-control-plane systemd[1]: kubelet.service: Main process exited, code=exited, status=1/FAILURE
Sep 06 03:46:38 gitops-control-plane systemd[1]: kubelet.service: Failed with result 'exit-code'.
Sep 06 03:46:39 gitops-control-plane systemd[1]: kubelet.service: Scheduled restart job, restart counter is at 83.
Sep 06 03:46:39 gitops-control-plane systemd[1]: Starting kubelet.service - kubelet: The Kubernetes Node Agent...
Sep 06 03:46:39 gitops-control-plane systemd[1]: Started kubelet.service - kubelet: The Kubernetes Node Agent.
Sep 06 03:46:39 gitops-control-plane kubelet[1918]: E0906 03:46:39.613249    1918 run.go:72] "command failed" err="failed to validate kubelet configuration, error: kubelet is configured to not run on a host using cgroup v1. cgroup v1 support is unsupported and will be removed in a future release, path: &TypeMeta{Kind:,APIVersion:,}"
Sep 06 03:46:39 gitops-control-plane systemd[1]: kubelet.service: Main process exited, code=exited, status=1/FAILURE
Sep 06 03:46:39 gitops-control-plane systemd[1]: kubelet.service: Failed with result 'exit-code'.
Sep 06 03:46:40 gitops-control-plane systemd[1]: kubelet.service: Scheduled restart job, restart counter is at 84.
Sep 06 03:46:40 gitops-control-plane systemd[1]: Starting kubelet.service - kubelet: The Kubernetes Node Agent...
Sep 06 03:46:40 gitops-control-plane systemd[1]: Started kubelet.service - kubelet: The Kubernetes Node Agent.
Sep 06 03:46:40 gitops-control-plane kubelet[1938]: E0906 03:46:40.872181    1938 run.go:72] "command failed" err="failed to validate kubelet configuration, error: kubelet is configured to not run on a host using cgroup v1. cgroup v1 support is unsupported and will be removed in a future release, path: &TypeMeta{Kind:,APIVersion:,}"
Sep 06 03:46:40 gitops-control-plane systemd[1]: kubelet.service: Main process exited, code=exited, status=1/FAILURE
Sep 06 03:46:40 gitops-control-plane systemd[1]: kubelet.service: Failed with result 'exit-code'.
Sep 06 03:46:42 gitops-control-plane systemd[1]: kubelet.service: Scheduled restart job, restart counter is at 85.
Sep 06 03:46:42 gitops-control-plane systemd[1]: Starting kubelet.service - kubelet: The Kubernetes Node Agent...
Sep 06 03:46:42 gitops-control-plane systemd[1]: Started kubelet.service - kubelet: The Kubernetes Node Agent.
Sep 06 03:46:42 gitops-control-plane kubelet[1956]: E0906 03:46:42.142867    1956 run.go:72] "command failed" err="failed to validate kubelet configuration, error: kubelet is configured to not run on a host using cgroup v1. cgroup v1 support is unsupported and will be removed in a future release, path: &TypeMeta{Kind:,APIVersion:,}"
Sep 06 03:46:42 gitops-control-plane systemd[1]: kubelet.service: Main process exited, code=exited, status=1/FAILURE
Sep 06 03:46:42 gitops-control-plane systemd[1]: kubelet.service: Failed with result 'exit-code'.
Sep 06 03:46:43 gitops-control-plane systemd[1]: kubelet.service: Scheduled restart job, restart counter is at 86.
Sep 06 03:46:43 gitops-control-plane systemd[1]: Starting kubelet.service - kubelet: The Kubernetes Node Agent...
Sep 06 03:46:43 gitops-control-plane systemd[1]: Started kubelet.service - kubelet: The Kubernetes Node Agent.
Sep 06 03:46:43 gitops-control-plane kubelet[1975]: E0906 03:46:43.375627    1975 run.go:72] "command failed" err="failed to validate kubelet configuration, error: kubelet is configured to not run on a host using cgroup v1. cgroup v1 support is unsupported and will be removed in a future release, path: &TypeMeta{Kind:,APIVersion:,}"
Sep 06 03:46:43 gitops-control-plane systemd[1]: kubelet.service: Main process exited, code=exited, status=1/FAILURE
Sep 06 03:46:43 gitops-control-plane systemd[1]: kubelet.service: Failed with result 'exit-code'.
Sep 06 03:46:44 gitops-control-plane systemd[1]: kubelet.service: Scheduled restart job, restart counter is at 87.
Sep 06 03:46:44 gitops-control-plane systemd[1]: Starting kubelet.service - kubelet: The Kubernetes Node Agent...
Sep 06 03:46:44 gitops-control-plane systemd[1]: Started kubelet.service - kubelet: The Kubernetes Node Agent.
Sep 06 03:46:44 gitops-control-plane kubelet[1993]: E0906 03:46:44.623902    1993 run.go:72] "command failed" err="failed to validate kubelet configuration, error: kubelet is configured to not run on a host using cgroup v1. cgroup v1 support is unsupported and will be removed in a future release, path: &TypeMeta{Kind:,APIVersion:,}"
Sep 06 03:46:44 gitops-control-plane systemd[1]: kubelet.service: Main process exited, code=exited, status=1/FAILURE
Sep 06 03:46:44 gitops-control-plane systemd[1]: kubelet.service: Failed with result 'exit-code'.
Sep 06 03:46:45 gitops-control-plane systemd[1]: kubelet.service: Scheduled restart job, restart counter is at 88.
Sep 06 03:46:45 gitops-control-plane systemd[1]: Starting kubelet.service - kubelet: The Kubernetes Node Agent...
Sep 06 03:46:45 gitops-control-plane systemd[1]: Started kubelet.service - kubelet: The Kubernetes Node Agent.
Sep 06 03:46:45 gitops-control-plane kubelet[2013]: E0906 03:46:45.884243    2013 run.go:72] "command failed" err="failed to validate kubelet configuration, error: kubelet is configured to not run on a host using cgroup v1. cgroup v1 support is unsupported and will be removed in a future release, path: &TypeMeta{Kind:,APIVersion:,}"
Sep 06 03:46:45 gitops-control-plane systemd[1]: kubelet.service: Main process exited, code=exited, status=1/FAILURE
Sep 06 03:46:45 gitops-control-plane systemd[1]: kubelet.service: Failed with result 'exit-code'.
Sep 06 03:46:47 gitops-control-plane systemd[1]: kubelet.service: Scheduled restart job, restart counter is at 89.
Sep 06 03:46:47 gitops-control-plane systemd[1]: Starting kubelet.service - kubelet: The Kubernetes Node Agent...
Sep 06 03:46:47 gitops-control-plane systemd[1]: Started kubelet.service - kubelet: The Kubernetes Node Agent.
Sep 06 03:46:47 gitops-control-plane kubelet[2032]: E0906 03:46:47.118802    2032 run.go:72] "command failed" err="failed to validate kubelet configuration, error: kubelet is configured to not run on a host using cgroup v1. cgroup v1 support is unsupported and will be removed in a future release, path: &TypeMeta{Kind:,APIVersion:,}"
Sep 06 03:46:47 gitops-control-plane systemd[1]: kubelet.service: Main process exited, code=exited, status=1/FAILURE
Sep 06 03:46:47 gitops-control-plane systemd[1]: kubelet.service: Failed with result 'exit-code'.
Sep 06 03:46:48 gitops-control-plane systemd[1]: kubelet.service: Scheduled restart job, restart counter is at 90.
Sep 06 03:46:48 gitops-control-plane systemd[1]: Starting kubelet.service - kubelet: The Kubernetes Node Agent...
Sep 06 03:46:48 gitops-control-plane systemd[1]: Started kubelet.service - kubelet: The Kubernetes Node Agent.
Sep 06 03:46:48 gitops-control-plane kubelet[2050]: E0906 03:46:48.370564    2050 run.go:72] "command failed" err="failed to validate kubelet configuration, error: kubelet is configured to not run on a host using cgroup v1. cgroup v1 support is unsupported and will be removed in a future release, path: &TypeMeta{Kind:,APIVersion:,}"
Sep 06 03:46:48 gitops-control-plane systemd[1]: kubelet.service: Main process exited, code=exited, status=1/FAILURE
Sep 06 03:46:48 gitops-control-plane systemd[1]: kubelet.service: Failed with result 'exit-code'.
Sep 06 03:46:49 gitops-control-plane systemd[1]: kubelet.service: Scheduled restart job, restart counter is at 91.
Sep 06 03:46:49 gitops-control-plane systemd[1]: Starting kubelet.service - kubelet: The Kubernetes Node Agent...
Sep 06 03:46:49 gitops-control-plane systemd[1]: Started kubelet.service - kubelet: The Kubernetes Node Agent.
Sep 06 03:46:49 gitops-control-plane kubelet[2069]: E0906 03:46:49.619137    2069 run.go:72] "command failed" err="failed to validate kubelet configuration, error: kubelet is configured to not run on a host using cgroup v1. cgroup v1 support is unsupported and will be removed in a future release, path: &TypeMeta{Kind:,APIVersion:,}"
Sep 06 03:46:49 gitops-control-plane systemd[1]: kubelet.service: Main process exited, code=exited, status=1/FAILURE
Sep 06 03:46:49 gitops-control-plane systemd[1]: kubelet.service: Failed with result 'exit-code'.
Sep 06 03:46:50 gitops-control-plane systemd[1]: kubelet.service: Scheduled restart job, restart counter is at 92.
Sep 06 03:46:50 gitops-control-plane systemd[1]: Starting kubelet.service - kubelet: The Kubernetes Node Agent...
Sep 06 03:46:50 gitops-control-plane systemd[1]: Started kubelet.service - kubelet: The Kubernetes Node Agent.
Sep 06 03:46:50 gitops-control-plane kubelet[2088]: E0906 03:46:50.860584    2088 run.go:72] "command failed" err="failed to validate kubelet configuration, error: kubelet is configured to not run on a host using cgroup v1. cgroup v1 support is unsupported and will be removed in a future release, path: &TypeMeta{Kind:,APIVersion:,}"
Sep 06 03:46:50 gitops-control-plane systemd[1]: kubelet.service: Main process exited, code=exited, status=1/FAILURE
Sep 06 03:46:50 gitops-control-plane systemd[1]: kubelet.service: Failed with result 'exit-code'.
Sep 06 03:46:52 gitops-control-plane systemd[1]: kubelet.service: Scheduled restart job, restart counter is at 93.
Sep 06 03:46:52 gitops-control-plane systemd[1]: Starting kubelet.service - kubelet: The Kubernetes Node Agent...
Sep 06 03:46:52 gitops-control-plane systemd[1]: Started kubelet.service - kubelet: The Kubernetes Node Agent.
Sep 06 03:46:52 gitops-control-plane kubelet[2107]: E0906 03:46:52.121270    2107 run.go:72] "command failed" err="failed to validate kubelet configuration, error: kubelet is configured to not run on a host using cgroup v1. cgroup v1 support is unsupported and will be removed in a future release, path: &TypeMeta{Kind:,APIVersion:,}"
Sep 06 03:46:52 gitops-control-plane systemd[1]: kubelet.service: Main process exited, code=exited, status=1/FAILURE
Sep 06 03:46:52 gitops-control-plane systemd[1]: kubelet.service: Failed with result 'exit-code'.
Sep 06 03:46:53 gitops-control-plane systemd[1]: kubelet.service: Scheduled restart job, restart counter is at 94.
Sep 06 03:46:53 gitops-control-plane systemd[1]: Starting kubelet.service - kubelet: The Kubernetes Node Agent...
Sep 06 03:46:53 gitops-control-plane systemd[1]: Started kubelet.service - kubelet: The Kubernetes Node Agent.
Sep 06 03:46:53 gitops-control-plane kubelet[2126]: E0906 03:46:53.373914    2126 run.go:72] "command failed" err="failed to validate kubelet configuration, error: kubelet is configured to not run on a host using cgroup v1. cgroup v1 support is unsupported and will be removed in a future release, path: &TypeMeta{Kind:,APIVersion:,}"
Sep 06 03:46:53 gitops-control-plane systemd[1]: kubelet.service: Main process exited, code=exited, status=1/FAILURE
Sep 06 03:46:53 gitops-control-plane systemd[1]: kubelet.service: Failed with result 'exit-code'.
Sep 06 03:46:54 gitops-control-plane systemd[1]: kubelet.service: Scheduled restart job, restart counter is at 95.
Sep 06 03:46:54 gitops-control-plane systemd[1]: Starting kubelet.service - kubelet: The Kubernetes Node Agent...
Sep 06 03:46:54 gitops-control-plane systemd[1]: Started kubelet.service - kubelet: The Kubernetes Node Agent.
Sep 06 03:46:54 gitops-control-plane kubelet[2145]: E0906 03:46:54.620578    2145 run.go:72] "command failed" err="failed to validate kubelet configuration, error: kubelet is configured to not run on a host using cgroup v1. cgroup v1 support is unsupported and will be removed in a future release, path: &TypeMeta{Kind:,APIVersion:,}"
Sep 06 03:46:54 gitops-control-plane systemd[1]: kubelet.service: Main process exited, code=exited, status=1/FAILURE
Sep 06 03:46:54 gitops-control-plane systemd[1]: kubelet.service: Failed with result 'exit-code'.
Sep 06 03:46:55 gitops-control-plane systemd[1]: kubelet.service: Scheduled restart job, restart counter is at 96.
Sep 06 03:46:55 gitops-control-plane systemd[1]: Starting kubelet.service - kubelet: The Kubernetes Node Agent...
Sep 06 03:46:55 gitops-control-plane systemd[1]: Started kubelet.service - kubelet: The Kubernetes Node Agent.
Sep 06 03:46:55 gitops-control-plane kubelet[2164]: E0906 03:46:55.871073    2164 run.go:72] "command failed" err="failed to validate kubelet configuration, error: kubelet is configured to not run on a host using cgroup v1. cgroup v1 support is unsupported and will be removed in a future release, path: &TypeMeta{Kind:,APIVersion:,}"
Sep 06 03:46:55 gitops-control-plane systemd[1]: kubelet.service: Main process exited, code=exited, status=1/FAILURE
Sep 06 03:46:55 gitops-control-plane systemd[1]: kubelet.service: Failed with result 'exit-code'.
Sep 06 03:46:57 gitops-control-plane systemd[1]: kubelet.service: Scheduled restart job, restart counter is at 97.
Sep 06 03:46:57 gitops-control-plane systemd[1]: Starting kubelet.service - kubelet: The Kubernetes Node Agent...
Sep 06 03:46:57 gitops-control-plane systemd[1]: Started kubelet.service - kubelet: The Kubernetes Node Agent.
Sep 06 03:46:57 gitops-control-plane kubelet[2184]: E0906 03:46:57.152047    2184 run.go:72] "command failed" err="failed to validate kubelet configuration, error: kubelet is configured to not run on a host using cgroup v1. cgroup v1 support is unsupported and will be removed in a future release, path: &TypeMeta{Kind:,APIVersion:,}"
Sep 06 03:46:57 gitops-control-plane systemd[1]: kubelet.service: Main process exited, code=exited, status=1/FAILURE
Sep 06 03:46:57 gitops-control-plane systemd[1]: kubelet.service: Failed with result 'exit-code'.
Sep 06 03:46:58 gitops-control-plane systemd[1]: kubelet.service: Scheduled restart job, restart counter is at 98.
Sep 06 03:46:58 gitops-control-plane systemd[1]: Starting kubelet.service - kubelet: The Kubernetes Node Agent...
Sep 06 03:46:58 gitops-control-plane systemd[1]: Started kubelet.service - kubelet: The Kubernetes Node Agent.
Sep 06 03:46:58 gitops-control-plane kubelet[2203]: E0906 03:46:58.369210    2203 run.go:72] "command failed" err="failed to validate kubelet configuration, error: kubelet is configured to not run on a host using cgroup v1. cgroup v1 support is unsupported and will be removed in a future release, path: &TypeMeta{Kind:,APIVersion:,}"
Sep 06 03:46:58 gitops-control-plane systemd[1]: kubelet.service: Main process exited, code=exited, status=1/FAILURE
Sep 06 03:46:58 gitops-control-plane systemd[1]: kubelet.service: Failed with result 'exit-code'.
Sep 06 03:46:59 gitops-control-plane systemd[1]: kubelet.service: Scheduled restart job, restart counter is at 99.
Sep 06 03:46:59 gitops-control-plane systemd[1]: Starting kubelet.service - kubelet: The Kubernetes Node Agent...
Sep 06 03:46:59 gitops-control-plane systemd[1]: Started kubelet.service - kubelet: The Kubernetes Node Agent.
Sep 06 03:46:59 gitops-control-plane kubelet[2222]: E0906 03:46:59.637909    2222 run.go:72] "command failed" err="failed to validate kubelet configuration, error: kubelet is configured to not run on a host using cgroup v1. cgroup v1 support is unsupported and will be removed in a future release, path: &TypeMeta{Kind:,APIVersion:,}"
Sep 06 03:46:59 gitops-control-plane systemd[1]: kubelet.service: Main process exited, code=exited, status=1/FAILURE
Sep 06 03:46:59 gitops-control-plane systemd[1]: kubelet.service: Failed with result 'exit-code'.
Sep 06 03:47:00 gitops-control-plane systemd[1]: kubelet.service: Scheduled restart job, restart counter is at 100.
Sep 06 03:47:00 gitops-control-plane systemd[1]: Starting kubelet.service - kubelet: The Kubernetes Node Agent...
Sep 06 03:47:00 gitops-control-plane systemd[1]: Started kubelet.service - kubelet: The Kubernetes Node Agent.
Sep 06 03:47:00 gitops-control-plane kubelet[2241]: E0906 03:47:00.856960    2241 run.go:72] "command failed" err="failed to validate kubelet configuration, error: kubelet is configured to not run on a host using cgroup v1. cgroup v1 support is unsupported and will be removed in a future release, path: &TypeMeta{Kind:,APIVersion:,}"
Sep 06 03:47:00 gitops-control-plane systemd[1]: kubelet.service: Main process exited, code=exited, status=1/FAILURE
Sep 06 03:47:00 gitops-control-plane systemd[1]: kubelet.service: Failed with result 'exit-code'.
Sep 06 03:47:02 gitops-control-plane systemd[1]: kubelet.service: Scheduled restart job, restart counter is at 101.
Sep 06 03:47:02 gitops-control-plane systemd[1]: Starting kubelet.service - kubelet: The Kubernetes Node Agent...
Sep 06 03:47:02 gitops-control-plane systemd[1]: Started kubelet.service - kubelet: The Kubernetes Node Agent.
Sep 06 03:47:02 gitops-control-plane kubelet[2259]: E0906 03:47:02.128746    2259 run.go:72] "command failed" err="failed to validate kubelet configuration, error: kubelet is configured to not run on a host using cgroup v1. cgroup v1 support is unsupported and will be removed in a future release, path: &TypeMeta{Kind:,APIVersion:,}"
Sep 06 03:47:02 gitops-control-plane systemd[1]: kubelet.service: Main process exited, code=exited, status=1/FAILURE
Sep 06 03:47:02 gitops-control-plane systemd[1]: kubelet.service: Failed with result 'exit-code'.
Sep 06 03:47:03 gitops-control-plane systemd[1]: kubelet.service: Scheduled restart job, restart counter is at 102.
Sep 06 03:47:03 gitops-control-plane systemd[1]: Starting kubelet.service - kubelet: The Kubernetes Node Agent...
Sep 06 03:47:03 gitops-control-plane systemd[1]: Started kubelet.service - kubelet: The Kubernetes Node Agent.
Sep 06 03:47:03 gitops-control-plane kubelet[2279]: E0906 03:47:03.379802    2279 run.go:72] "command failed" err="failed to validate kubelet configuration, error: kubelet is configured to not run on a host using cgroup v1. cgroup v1 support is unsupported and will be removed in a future release, path: &TypeMeta{Kind:,APIVersion:,}"
Sep 06 03:47:03 gitops-control-plane systemd[1]: kubelet.service: Main process exited, code=exited, status=1/FAILURE
Sep 06 03:47:03 gitops-control-plane systemd[1]: kubelet.service: Failed with result 'exit-code'.
Sep 06 03:47:04 gitops-control-plane systemd[1]: kubelet.service: Scheduled restart job, restart counter is at 103.
Sep 06 03:47:04 gitops-control-plane systemd[1]: Starting kubelet.service - kubelet: The Kubernetes Node Agent...
Sep 06 03:47:04 gitops-control-plane systemd[1]: Started kubelet.service - kubelet: The Kubernetes Node Agent.
Sep 06 03:47:04 gitops-control-plane kubelet[2300]: E0906 03:47:04.635207    2300 run.go:72] "command failed" err="failed to validate kubelet configuration, error: kubelet is configured to not run on a host using cgroup v1. cgroup v1 support is unsupported and will be removed in a future release, path: &TypeMeta{Kind:,APIVersion:,}"
Sep 06 03:47:04 gitops-control-plane systemd[1]: kubelet.service: Main process exited, code=exited, status=1/FAILURE
Sep 06 03:47:04 gitops-control-plane systemd[1]: kubelet.service: Failed with result 'exit-code'.
Sep 06 03:47:05 gitops-control-plane systemd[1]: kubelet.service: Scheduled restart job, restart counter is at 104.
Sep 06 03:47:05 gitops-control-plane systemd[1]: Starting kubelet.service - kubelet: The Kubernetes Node Agent...
Sep 06 03:47:05 gitops-control-plane systemd[1]: Started kubelet.service - kubelet: The Kubernetes Node Agent.
Sep 06 03:47:05 gitops-control-plane kubelet[2318]: E0906 03:47:05.867104    2318 run.go:72] "command failed" err="failed to validate kubelet configuration, error: kubelet is configured to not run on a host using cgroup v1. cgroup v1 support is unsupported and will be removed in a future release, path: &TypeMeta{Kind:,APIVersion:,}"
Sep 06 03:47:05 gitops-control-plane systemd[1]: kubelet.service: Main process exited, code=exited, status=1/FAILURE
Sep 06 03:47:05 gitops-control-plane systemd[1]: kubelet.service: Failed with result 'exit-code'.
Sep 06 03:47:07 gitops-control-plane systemd[1]: kubelet.service: Scheduled restart job, restart counter is at 105.
Sep 06 03:47:07 gitops-control-plane systemd[1]: Starting kubelet.service - kubelet: The Kubernetes Node Agent...
Sep 06 03:47:07 gitops-control-plane systemd[1]: Started kubelet.service - kubelet: The Kubernetes Node Agent.
Sep 06 03:47:07 gitops-control-plane kubelet[2338]: E0906 03:47:07.141860    2338 run.go:72] "command failed" err="failed to validate kubelet configuration, error: kubelet is configured to not run on a host using cgroup v1. cgroup v1 support is unsupported and will be removed in a future release, path: &TypeMeta{Kind:,APIVersion:,}"
Sep 06 03:47:07 gitops-control-plane systemd[1]: kubelet.service: Main process exited, code=exited, status=1/FAILURE
Sep 06 03:47:07 gitops-control-plane systemd[1]: kubelet.service: Failed with result 'exit-code'.
Sep 06 03:47:08 gitops-control-plane systemd[1]: kubelet.service: Scheduled restart job, restart counter is at 106.
Sep 06 03:47:08 gitops-control-plane systemd[1]: Starting kubelet.service - kubelet: The Kubernetes Node Agent...
Sep 06 03:47:08 gitops-control-plane systemd[1]: Started kubelet.service - kubelet: The Kubernetes Node Agent.
Sep 06 03:47:08 gitops-control-plane kubelet[2355]: E0906 03:47:08.366272    2355 run.go:72] "command failed" err="failed to validate kubelet configuration, error: kubelet is configured to not run on a host using cgroup v1. cgroup v1 support is unsupported and will be removed in a future release, path: &TypeMeta{Kind:,APIVersion:,}"
Sep 06 03:47:08 gitops-control-plane systemd[1]: kubelet.service: Main process exited, code=exited, status=1/FAILURE
Sep 06 03:47:08 gitops-control-plane systemd[1]: kubelet.service: Failed with result 'exit-code'.
Sep 06 03:47:09 gitops-control-plane systemd[1]: kubelet.service: Scheduled restart job, restart counter is at 107.
Sep 06 03:47:09 gitops-control-plane systemd[1]: Starting kubelet.service - kubelet: The Kubernetes Node Agent...
Sep 06 03:47:09 gitops-control-plane systemd[1]: Started kubelet.service - kubelet: The Kubernetes Node Agent.
Sep 06 03:47:09 gitops-control-plane kubelet[2374]: E0906 03:47:09.629726    2374 run.go:72] "command failed" err="failed to validate kubelet configuration, error: kubelet is configured to not run on a host using cgroup v1. cgroup v1 support is unsupported and will be removed in a future release, path: &TypeMeta{Kind:,APIVersion:,}"
Sep 06 03:47:09 gitops-control-plane systemd[1]: kubelet.service: Main process exited, code=exited, status=1/FAILURE
Sep 06 03:47:09 gitops-control-plane systemd[1]: kubelet.service: Failed with result 'exit-code'.
Sep 06 03:47:10 gitops-control-plane systemd[1]: kubelet.service: Scheduled restart job, restart counter is at 108.
Sep 06 03:47:10 gitops-control-plane systemd[1]: Starting kubelet.service - kubelet: The Kubernetes Node Agent...
Sep 06 03:47:10 gitops-control-plane systemd[1]: Started kubelet.service - kubelet: The Kubernetes Node Agent.
Sep 06 03:47:10 gitops-control-plane kubelet[2394]: E0906 03:47:10.889266    2394 run.go:72] "command failed" err="failed to validate kubelet configuration, error: kubelet is configured to not run on a host using cgroup v1. cgroup v1 support is unsupported and will be removed in a future release, path: &TypeMeta{Kind:,APIVersion:,}"
Sep 06 03:47:10 gitops-control-plane systemd[1]: kubelet.service: Main process exited, code=exited, status=1/FAILURE
Sep 06 03:47:10 gitops-control-plane systemd[1]: kubelet.service: Failed with result 'exit-code'.
Sep 06 03:47:12 gitops-control-plane systemd[1]: kubelet.service: Scheduled restart job, restart counter is at 109.
Sep 06 03:47:12 gitops-control-plane systemd[1]: Starting kubelet.service - kubelet: The Kubernetes Node Agent...
Sep 06 03:47:12 gitops-control-plane systemd[1]: Started kubelet.service - kubelet: The Kubernetes Node Agent.
Sep 06 03:47:12 gitops-control-plane kubelet[2412]: E0906 03:47:12.128550    2412 run.go:72] "command failed" err="failed to validate kubelet configuration, error: kubelet is configured to not run on a host using cgroup v1. cgroup v1 support is unsupported and will be removed in a future release, path: &TypeMeta{Kind:,APIVersion:,}"
Sep 06 03:47:12 gitops-control-plane systemd[1]: kubelet.service: Main process exited, code=exited, status=1/FAILURE
Sep 06 03:47:12 gitops-control-plane systemd[1]: kubelet.service: Failed with result 'exit-code'.
Sep 06 03:47:13 gitops-control-plane systemd[1]: kubelet.service: Scheduled restart job, restart counter is at 110.
Sep 06 03:47:13 gitops-control-plane systemd[1]: Starting kubelet.service - kubelet: The Kubernetes Node Agent...
Sep 06 03:47:13 gitops-control-plane systemd[1]: Started kubelet.service - kubelet: The Kubernetes Node Agent.
Sep 06 03:47:13 gitops-control-plane kubelet[2431]: E0906 03:47:13.388471    2431 run.go:72] "command failed" err="failed to validate kubelet configuration, error: kubelet is configured to not run on a host using cgroup v1. cgroup v1 support is unsupported and will be removed in a future release, path: &TypeMeta{Kind:,APIVersion:,}"
Sep 06 03:47:13 gitops-control-plane systemd[1]: kubelet.service: Main process exited, code=exited, status=1/FAILURE
Sep 06 03:47:13 gitops-control-plane systemd[1]: kubelet.service: Failed with result 'exit-code'.
Sep 06 03:47:14 gitops-control-plane systemd[1]: kubelet.service: Scheduled restart job, restart counter is at 111.
Sep 06 03:47:14 gitops-control-plane systemd[1]: Starting kubelet.service - kubelet: The Kubernetes Node Agent...
Sep 06 03:47:14 gitops-control-plane systemd[1]: Started kubelet.service - kubelet: The Kubernetes Node Agent.
Sep 06 03:47:14 gitops-control-plane kubelet[2450]: E0906 03:47:14.638445    2450 run.go:72] "command failed" err="failed to validate kubelet configuration, error: kubelet is configured to not run on a host using cgroup v1. cgroup v1 support is unsupported and will be removed in a future release, path: &TypeMeta{Kind:,APIVersion:,}"
Sep 06 03:47:14 gitops-control-plane systemd[1]: kubelet.service: Main process exited, code=exited, status=1/FAILURE
Sep 06 03:47:14 gitops-control-plane systemd[1]: kubelet.service: Failed with result 'exit-code'.
Sep 06 03:47:15 gitops-control-plane systemd[1]: kubelet.service: Scheduled restart job, restart counter is at 112.
Sep 06 03:47:15 gitops-control-plane systemd[1]: Starting kubelet.service - kubelet: The Kubernetes Node Agent...
Sep 06 03:47:15 gitops-control-plane systemd[1]: Started kubelet.service - kubelet: The Kubernetes Node Agent.
Sep 06 03:47:15 gitops-control-plane kubelet[2470]: E0906 03:47:15.862380    2470 run.go:72] "command failed" err="failed to validate kubelet configuration, error: kubelet is configured to not run on a host using cgroup v1. cgroup v1 support is unsupported and will be removed in a future release, path: &TypeMeta{Kind:,APIVersion:,}"
Sep 06 03:47:15 gitops-control-plane systemd[1]: kubelet.service: Main process exited, code=exited, status=1/FAILURE
Sep 06 03:47:15 gitops-control-plane systemd[1]: kubelet.service: Failed with result 'exit-code'.
Sep 06 03:47:17 gitops-control-plane systemd[1]: kubelet.service: Scheduled restart job, restart counter is at 113.
Sep 06 03:47:17 gitops-control-plane systemd[1]: Starting kubelet.service - kubelet: The Kubernetes Node Agent...
Sep 06 03:47:17 gitops-control-plane systemd[1]: Started kubelet.service - kubelet: The Kubernetes Node Agent.
Sep 06 03:47:17 gitops-control-plane kubelet[2489]: E0906 03:47:17.111325    2489 run.go:72] "command failed" err="failed to validate kubelet configuration, error: kubelet is configured to not run on a host using cgroup v1. cgroup v1 support is unsupported and will be removed in a future release, path: &TypeMeta{Kind:,APIVersion:,}"
Sep 06 03:47:17 gitops-control-plane systemd[1]: kubelet.service: Main process exited, code=exited, status=1/FAILURE
Sep 06 03:47:17 gitops-control-plane systemd[1]: kubelet.service: Failed with result 'exit-code'.
Sep 06 03:47:18 gitops-control-plane systemd[1]: kubelet.service: Scheduled restart job, restart counter is at 114.
Sep 06 03:47:18 gitops-control-plane systemd[1]: Starting kubelet.service - kubelet: The Kubernetes Node Agent...
Sep 06 03:47:18 gitops-control-plane systemd[1]: Started kubelet.service - kubelet: The Kubernetes Node Agent.
Sep 06 03:47:18 gitops-control-plane kubelet[2509]: E0906 03:47:18.358862    2509 run.go:72] "command failed" err="failed to validate kubelet configuration, error: kubelet is configured to not run on a host using cgroup v1. cgroup v1 support is unsupported and will be removed in a future release, path: &TypeMeta{Kind:,APIVersion:,}"
Sep 06 03:47:18 gitops-control-plane systemd[1]: kubelet.service: Main process exited, code=exited, status=1/FAILURE
Sep 06 03:47:18 gitops-control-plane systemd[1]: kubelet.service: Failed with result 'exit-code'.
Sep 06 03:47:19 gitops-control-plane systemd[1]: kubelet.service: Scheduled restart job, restart counter is at 115.
Sep 06 03:47:19 gitops-control-plane systemd[1]: Starting kubelet.service - kubelet: The Kubernetes Node Agent...
Sep 06 03:47:19 gitops-control-plane systemd[1]: Started kubelet.service - kubelet: The Kubernetes Node Agent.
Sep 06 03:47:19 gitops-control-plane kubelet[2528]: E0906 03:47:19.655619    2528 run.go:72] "command failed" err="failed to validate kubelet configuration, error: kubelet is configured to not run on a host using cgroup v1. cgroup v1 support is unsupported and will be removed in a future release, path: &TypeMeta{Kind:,APIVersion:,}"
Sep 06 03:47:19 gitops-control-plane systemd[1]: kubelet.service: Main process exited, code=exited, status=1/FAILURE
Sep 06 03:47:19 gitops-control-plane systemd[1]: kubelet.service: Failed with result 'exit-code'.
Sep 06 03:47:20 gitops-control-plane systemd[1]: kubelet.service: Scheduled restart job, restart counter is at 116.
Sep 06 03:47:20 gitops-control-plane systemd[1]: Starting kubelet.service - kubelet: The Kubernetes Node Agent...
Sep 06 03:47:20 gitops-control-plane systemd[1]: Started kubelet.service - kubelet: The Kubernetes Node Agent.
Sep 06 03:47:20 gitops-control-plane kubelet[2547]: E0906 03:47:20.861996    2547 run.go:72] "command failed" err="failed to validate kubelet configuration, error: kubelet is configured to not run on a host using cgroup v1. cgroup v1 support is unsupported and will be removed in a future release, path: &TypeMeta{Kind:,APIVersion:,}"
Sep 06 03:47:20 gitops-control-plane systemd[1]: kubelet.service: Main process exited, code=exited, status=1/FAILURE
Sep 06 03:47:20 gitops-control-plane systemd[1]: kubelet.service: Failed with result 'exit-code'.
Sep 06 03:47:22 gitops-control-plane systemd[1]: kubelet.service: Scheduled restart job, restart counter is at 117.
Sep 06 03:47:22 gitops-control-plane systemd[1]: Starting kubelet.service - kubelet: The Kubernetes Node Agent...
Sep 06 03:47:22 gitops-control-plane systemd[1]: Started kubelet.service - kubelet: The Kubernetes Node Agent.
Sep 06 03:47:22 gitops-control-plane kubelet[2567]: E0906 03:47:22.113481    2567 run.go:72] "command failed" err="failed to validate kubelet configuration, error: kubelet is configured to not run on a host using cgroup v1. cgroup v1 support is unsupported and will be removed in a future release, path: &TypeMeta{Kind:,APIVersion:,}"
Sep 06 03:47:22 gitops-control-plane systemd[1]: kubelet.service: Main process exited, code=exited, status=1/FAILURE
Sep 06 03:47:22 gitops-control-plane systemd[1]: kubelet.service: Failed with result 'exit-code'.
Sep 06 03:47:23 gitops-control-plane systemd[1]: kubelet.service: Scheduled restart job, restart counter is at 118.
Sep 06 03:47:23 gitops-control-plane systemd[1]: Starting kubelet.service - kubelet: The Kubernetes Node Agent...
Sep 06 03:47:23 gitops-control-plane systemd[1]: Started kubelet.service - kubelet: The Kubernetes Node Agent.
Sep 06 03:47:23 gitops-control-plane kubelet[2585]: E0906 03:47:23.371862    2585 run.go:72] "command failed" err="failed to validate kubelet configuration, error: kubelet is configured to not run on a host using cgroup v1. cgroup v1 support is unsupported and will be removed in a future release, path: &TypeMeta{Kind:,APIVersion:,}"
Sep 06 03:47:23 gitops-control-plane systemd[1]: kubelet.service: Main process exited, code=exited, status=1/FAILURE
Sep 06 03:47:23 gitops-control-plane systemd[1]: kubelet.service: Failed with result 'exit-code'.
Sep 06 03:47:24 gitops-control-plane systemd[1]: kubelet.service: Scheduled restart job, restart counter is at 119.
Sep 06 03:47:24 gitops-control-plane systemd[1]: Starting kubelet.service - kubelet: The Kubernetes Node Agent...
Sep 06 03:47:24 gitops-control-plane systemd[1]: Started kubelet.service - kubelet: The Kubernetes Node Agent.
Sep 06 03:47:24 gitops-control-plane kubelet[2605]: E0906 03:47:24.613397    2605 run.go:72] "command failed" err="failed to validate kubelet configuration, error: kubelet is configured to not run on a host using cgroup v1. cgroup v1 support is unsupported and will be removed in a future release, path: &TypeMeta{Kind:,APIVersion:,}"
Sep 06 03:47:24 gitops-control-plane systemd[1]: kubelet.service: Main process exited, code=exited, status=1/FAILURE
Sep 06 03:47:24 gitops-control-plane systemd[1]: kubelet.service: Failed with result 'exit-code'.
Sep 06 03:47:25 gitops-control-plane systemd[1]: kubelet.service: Scheduled restart job, restart counter is at 120.
Sep 06 03:47:25 gitops-control-plane systemd[1]: Starting kubelet.service - kubelet: The Kubernetes Node Agent...
Sep 06 03:47:25 gitops-control-plane systemd[1]: Started kubelet.service - kubelet: The Kubernetes Node Agent.
Sep 06 03:47:25 gitops-control-plane kubelet[2624]: E0906 03:47:25.881676    2624 run.go:72] "command failed" err="failed to validate kubelet configuration, error: kubelet is configured to not run on a host using cgroup v1. cgroup v1 support is unsupported and will be removed in a future release, path: &TypeMeta{Kind:,APIVersion:,}"
Sep 06 03:47:25 gitops-control-plane systemd[1]: kubelet.service: Main process exited, code=exited, status=1/FAILURE
Sep 06 03:47:25 gitops-control-plane systemd[1]: kubelet.service: Failed with result 'exit-code'.
Sep 06 03:47:27 gitops-control-plane systemd[1]: kubelet.service: Scheduled restart job, restart counter is at 121.
Sep 06 03:47:27 gitops-control-plane systemd[1]: Starting kubelet.service - kubelet: The Kubernetes Node Agent...
Sep 06 03:47:27 gitops-control-plane systemd[1]: Started kubelet.service - kubelet: The Kubernetes Node Agent.
Sep 06 03:47:27 gitops-control-plane kubelet[2644]: E0906 03:47:27.137345    2644 run.go:72] "command failed" err="failed to validate kubelet configuration, error: kubelet is configured to not run on a host using cgroup v1. cgroup v1 support is unsupported and will be removed in a future release, path: &TypeMeta{Kind:,APIVersion:,}"
Sep 06 03:47:27 gitops-control-plane systemd[1]: kubelet.service: Main process exited, code=exited, status=1/FAILURE
Sep 06 03:47:27 gitops-control-plane systemd[1]: kubelet.service: Failed with result 'exit-code'.
Sep 06 03:47:28 gitops-control-plane systemd[1]: kubelet.service: Scheduled restart job, restart counter is at 122.
Sep 06 03:47:28 gitops-control-plane systemd[1]: Starting kubelet.service - kubelet: The Kubernetes Node Agent...
Sep 06 03:47:28 gitops-control-plane systemd[1]: Started kubelet.service - kubelet: The Kubernetes Node Agent.
Sep 06 03:47:28 gitops-control-plane kubelet[2664]: E0906 03:47:28.360714    2664 run.go:72] "command failed" err="failed to validate kubelet configuration, error: kubelet is configured to not run on a host using cgroup v1. cgroup v1 support is unsupported and will be removed in a future release, path: &TypeMeta{Kind:,APIVersion:,}"
Sep 06 03:47:28 gitops-control-plane systemd[1]: kubelet.service: Main process exited, code=exited, status=1/FAILURE
Sep 06 03:47:28 gitops-control-plane systemd[1]: kubelet.service: Failed with result 'exit-code'.
Sep 06 03:47:29 gitops-control-plane systemd[1]: kubelet.service: Scheduled restart job, restart counter is at 123.
Sep 06 03:47:29 gitops-control-plane systemd[1]: Starting kubelet.service - kubelet: The Kubernetes Node Agent...
Sep 06 03:47:29 gitops-control-plane systemd[1]: Started kubelet.service - kubelet: The Kubernetes Node Agent.
Sep 06 03:47:29 gitops-control-plane kubelet[2682]: E0906 03:47:29.622548    2682 run.go:72] "command failed" err="failed to validate kubelet configuration, error: kubelet is configured to not run on a host using cgroup v1. cgroup v1 support is unsupported and will be removed in a future release, path: &TypeMeta{Kind:,APIVersion:,}"
Sep 06 03:47:29 gitops-control-plane systemd[1]: kubelet.service: Main process exited, code=exited, status=1/FAILURE
Sep 06 03:47:29 gitops-control-plane systemd[1]: kubelet.service: Failed with result 'exit-code'.
Sep 06 03:47:30 gitops-control-plane systemd[1]: kubelet.service: Scheduled restart job, restart counter is at 124.
Sep 06 03:47:30 gitops-control-plane systemd[1]: Starting kubelet.service - kubelet: The Kubernetes Node Agent...
Sep 06 03:47:30 gitops-control-plane systemd[1]: Started kubelet.service - kubelet: The Kubernetes Node Agent.
Sep 06 03:47:30 gitops-control-plane kubelet[2702]: E0906 03:47:30.866786    2702 run.go:72] "command failed" err="failed to validate kubelet configuration, error: kubelet is configured to not run on a host using cgroup v1. cgroup v1 support is unsupported and will be removed in a future release, path: &TypeMeta{Kind:,APIVersion:,}"
Sep 06 03:47:30 gitops-control-plane systemd[1]: kubelet.service: Main process exited, code=exited, status=1/FAILURE
Sep 06 03:47:30 gitops-control-plane systemd[1]: kubelet.service: Failed with result 'exit-code'.
Sep 06 03:47:32 gitops-control-plane systemd[1]: kubelet.service: Scheduled restart job, restart counter is at 125.
Sep 06 03:47:32 gitops-control-plane systemd[1]: Starting kubelet.service - kubelet: The Kubernetes Node Agent...
Sep 06 03:47:32 gitops-control-plane systemd[1]: Started kubelet.service - kubelet: The Kubernetes Node Agent.
Sep 06 03:47:32 gitops-control-plane kubelet[2720]: E0906 03:47:32.117613    2720 run.go:72] "command failed" err="failed to validate kubelet configuration, error: kubelet is configured to not run on a host using cgroup v1. cgroup v1 support is unsupported and will be removed in a future release, path: &TypeMeta{Kind:,APIVersion:,}"
Sep 06 03:47:32 gitops-control-plane systemd[1]: kubelet.service: Main process exited, code=exited, status=1/FAILURE
Sep 06 03:47:32 gitops-control-plane systemd[1]: kubelet.service: Failed with result 'exit-code'.
Sep 06 03:47:33 gitops-control-plane systemd[1]: kubelet.service: Scheduled restart job, restart counter is at 126.
Sep 06 03:47:33 gitops-control-plane systemd[1]: Starting kubelet.service - kubelet: The Kubernetes Node Agent...
Sep 06 03:47:33 gitops-control-plane systemd[1]: Started kubelet.service - kubelet: The Kubernetes Node Agent.
Sep 06 03:47:33 gitops-control-plane kubelet[2739]: E0906 03:47:33.363396    2739 run.go:72] "command failed" err="failed to validate kubelet configuration, error: kubelet is configured to not run on a host using cgroup v1. cgroup v1 support is unsupported and will be removed in a future release, path: &TypeMeta{Kind:,APIVersion:,}"
Sep 06 03:47:33 gitops-control-plane systemd[1]: kubelet.service: Main process exited, code=exited, status=1/FAILURE
Sep 06 03:47:33 gitops-control-plane systemd[1]: kubelet.service: Failed with result 'exit-code'.
Sep 06 03:47:34 gitops-control-plane systemd[1]: kubelet.service: Scheduled restart job, restart counter is at 127.
Sep 06 03:47:34 gitops-control-plane systemd[1]: Starting kubelet.service - kubelet: The Kubernetes Node Agent...
Sep 06 03:47:34 gitops-control-plane systemd[1]: Started kubelet.service - kubelet: The Kubernetes Node Agent.
Sep 06 03:47:34 gitops-control-plane kubelet[2758]: E0906 03:47:34.613209    2758 run.go:72] "command failed" err="failed to validate kubelet configuration, error: kubelet is configured to not run on a host using cgroup v1. cgroup v1 support is unsupported and will be removed in a future release, path: &TypeMeta{Kind:,APIVersion:,}"
Sep 06 03:47:34 gitops-control-plane systemd[1]: kubelet.service: Main process exited, code=exited, status=1/FAILURE
Sep 06 03:47:34 gitops-control-plane systemd[1]: kubelet.service: Failed with result 'exit-code'.
Sep 06 03:47:35 gitops-control-plane systemd[1]: kubelet.service: Scheduled restart job, restart counter is at 128.
Sep 06 03:47:35 gitops-control-plane systemd[1]: Starting kubelet.service - kubelet: The Kubernetes Node Agent...
Sep 06 03:47:35 gitops-control-plane systemd[1]: Started kubelet.service - kubelet: The Kubernetes Node Agent.
Sep 06 03:47:35 gitops-control-plane kubelet[2777]: E0906 03:47:35.878497    2777 run.go:72] "command failed" err="failed to validate kubelet configuration, error: kubelet is configured to not run on a host using cgroup v1. cgroup v1 support is unsupported and will be removed in a future release, path: &TypeMeta{Kind:,APIVersion:,}"
Sep 06 03:47:35 gitops-control-plane systemd[1]: kubelet.service: Main process exited, code=exited, status=1/FAILURE
Sep 06 03:47:35 gitops-control-plane systemd[1]: kubelet.service: Failed with result 'exit-code'.
Sep 06 03:47:37 gitops-control-plane systemd[1]: kubelet.service: Scheduled restart job, restart counter is at 129.
Sep 06 03:47:37 gitops-control-plane systemd[1]: Starting kubelet.service - kubelet: The Kubernetes Node Agent...
Sep 06 03:47:37 gitops-control-plane systemd[1]: Started kubelet.service - kubelet: The Kubernetes Node Agent.
Sep 06 03:47:37 gitops-control-plane kubelet[2796]: E0906 03:47:37.112972    2796 run.go:72] "command failed" err="failed to validate kubelet configuration, error: kubelet is configured to not run on a host using cgroup v1. cgroup v1 support is unsupported and will be removed in a future release, path: &TypeMeta{Kind:,APIVersion:,}"
Sep 06 03:47:37 gitops-control-plane systemd[1]: kubelet.service: Main process exited, code=exited, status=1/FAILURE
Sep 06 03:47:37 gitops-control-plane systemd[1]: kubelet.service: Failed with result 'exit-code'.
Sep 06 03:47:38 gitops-control-plane systemd[1]: kubelet.service: Scheduled restart job, restart counter is at 130.
Sep 06 03:47:38 gitops-control-plane systemd[1]: Starting kubelet.service - kubelet: The Kubernetes Node Agent...
Sep 06 03:47:38 gitops-control-plane systemd[1]: Started kubelet.service - kubelet: The Kubernetes Node Agent.
Sep 06 03:47:38 gitops-control-plane kubelet[2815]: E0906 03:47:38.373539    2815 run.go:72] "command failed" err="failed to validate kubelet configuration, error: kubelet is configured to not run on a host using cgroup v1. cgroup v1 support is unsupported and will be removed in a future release, path: &TypeMeta{Kind:,APIVersion:,}"
Sep 06 03:47:38 gitops-control-plane systemd[1]: kubelet.service: Main process exited, code=exited, status=1/FAILURE
Sep 06 03:47:38 gitops-control-plane systemd[1]: kubelet.service: Failed with result 'exit-code'.
Sep 06 03:47:39 gitops-control-plane systemd[1]: kubelet.service: Scheduled restart job, restart counter is at 131.
Sep 06 03:47:39 gitops-control-plane systemd[1]: Starting kubelet.service - kubelet: The Kubernetes Node Agent...
Sep 06 03:47:39 gitops-control-plane systemd[1]: Started kubelet.service - kubelet: The Kubernetes Node Agent.
Sep 06 03:47:39 gitops-control-plane kubelet[2836]: E0906 03:47:39.617662    2836 run.go:72] "command failed" err="failed to validate kubelet configuration, error: kubelet is configured to not run on a host using cgroup v1. cgroup v1 support is unsupported and will be removed in a future release, path: &TypeMeta{Kind:,APIVersion:,}"
Sep 06 03:47:39 gitops-control-plane systemd[1]: kubelet.service: Main process exited, code=exited, status=1/FAILURE
Sep 06 03:47:39 gitops-control-plane systemd[1]: kubelet.service: Failed with result 'exit-code'.
Sep 06 03:47:40 gitops-control-plane systemd[1]: kubelet.service: Scheduled restart job, restart counter is at 132.
Sep 06 03:47:40 gitops-control-plane systemd[1]: Starting kubelet.service - kubelet: The Kubernetes Node Agent...
Sep 06 03:47:40 gitops-control-plane systemd[1]: Started kubelet.service - kubelet: The Kubernetes Node Agent.
Sep 06 03:47:40 gitops-control-plane kubelet[2855]: E0906 03:47:40.866773    2855 run.go:72] "command failed" err="failed to validate kubelet configuration, error: kubelet is configured to not run on a host using cgroup v1. cgroup v1 support is unsupported and will be removed in a future release, path: &TypeMeta{Kind:,APIVersion:,}"
Sep 06 03:47:40 gitops-control-plane systemd[1]: kubelet.service: Main process exited, code=exited, status=1/FAILURE
Sep 06 03:47:40 gitops-control-plane systemd[1]: kubelet.service: Failed with result 'exit-code'.
Sep 06 03:47:42 gitops-control-plane systemd[1]: kubelet.service: Scheduled restart job, restart counter is at 133.
Sep 06 03:47:42 gitops-control-plane systemd[1]: Starting kubelet.service - kubelet: The Kubernetes Node Agent...
Sep 06 03:47:42 gitops-control-plane systemd[1]: Started kubelet.service - kubelet: The Kubernetes Node Agent.
Sep 06 03:47:42 gitops-control-plane kubelet[2875]: E0906 03:47:42.147354    2875 run.go:72] "command failed" err="failed to validate kubelet configuration, error: kubelet is configured to not run on a host using cgroup v1. cgroup v1 support is unsupported and will be removed in a future release, path: &TypeMeta{Kind:,APIVersion:,}"
Sep 06 03:47:42 gitops-control-plane systemd[1]: kubelet.service: Main process exited, code=exited, status=1/FAILURE
Sep 06 03:47:42 gitops-control-plane systemd[1]: kubelet.service: Failed with result 'exit-code'.
Sep 06 03:47:43 gitops-control-plane systemd[1]: kubelet.service: Scheduled restart job, restart counter is at 134.
Sep 06 03:47:43 gitops-control-plane systemd[1]: Starting kubelet.service - kubelet: The Kubernetes Node Agent...
Sep 06 03:47:43 gitops-control-plane systemd[1]: Started kubelet.service - kubelet: The Kubernetes Node Agent.
Sep 06 03:47:43 gitops-control-plane kubelet[2895]: E0906 03:47:43.364633    2895 run.go:72] "command failed" err="failed to validate kubelet configuration, error: kubelet is configured to not run on a host using cgroup v1. cgroup v1 support is unsupported and will be removed in a future release, path: &TypeMeta{Kind:,APIVersion:,}"
Sep 06 03:47:43 gitops-control-plane systemd[1]: kubelet.service: Main process exited, code=exited, status=1/FAILURE
Sep 06 03:47:43 gitops-control-plane systemd[1]: kubelet.service: Failed with result 'exit-code'.
Sep 06 03:47:44 gitops-control-plane systemd[1]: kubelet.service: Scheduled restart job, restart counter is at 135.
Sep 06 03:47:44 gitops-control-plane systemd[1]: Starting kubelet.service - kubelet: The Kubernetes Node Agent...
Sep 06 03:47:44 gitops-control-plane systemd[1]: Started kubelet.service - kubelet: The Kubernetes Node Agent.
Sep 06 03:47:44 gitops-control-plane kubelet[2914]: E0906 03:47:44.625275    2914 run.go:72] "command failed" err="failed to validate kubelet configuration, error: kubelet is configured to not run on a host using cgroup v1. cgroup v1 support is unsupported and will be removed in a future release, path: &TypeMeta{Kind:,APIVersion:,}"
Sep 06 03:47:44 gitops-control-plane systemd[1]: kubelet.service: Main process exited, code=exited, status=1/FAILURE
Sep 06 03:47:44 gitops-control-plane systemd[1]: kubelet.service: Failed with result 'exit-code'.
