Sep 06 03:44:54 gitops-control-plane systemd[1]: kubelet.service - kubelet: The Kubernetes Node Agent skipped, unmet condition check ConditionPathExists=/var/lib/kubelet/config.yaml
Sep 06 03:44:55 gitops-control-plane systemd[1]: Starting kubelet.service - kubelet: The Kubernetes Node Agent...
Sep 06 03:44:55 gitops-control-plane systemd[1]: Started kubelet.service - kubelet: The Kubernetes Node Agent.
Sep 06 03:44:56 gitops-control-plane kubelet[321]: E0906 03:44:56.011111     321 run.go:72] "command failed" err="failed to validate kubelet configuration, error: kubelet is configured to not run on a host using cgroup v1. cgroup v1 support is unsupported and will be removed in a future release, path: &TypeMeta{Kind:,APIVersion:,}"
Sep 06 03:44:56 gitops-control-plane systemd[1]: kubelet.service: Main process exited, code=exited, status=1/FAILURE
Sep 06 03:44:56 gitops-control-plane systemd[1]: kubelet.service: Failed with result 'exit-code'.
Sep 06 03:44:57 gitops-control-plane systemd[1]: kubelet.service: Scheduled restart job, restart counter is at 1.
Sep 06 03:44:57 gitops-control-plane systemd[1]: Starting kubelet.service - kubelet: The Kubernetes Node Agent...
Sep 06 03:44:57 gitops-control-plane systemd[1]: Started kubelet.service - kubelet: The Kubernetes Node Agent.
Sep 06 03:44:57 gitops-control-plane kubelet[339]: E0906 03:44:57.112788     339 run.go:72] "command failed" err="failed to validate kubelet configuration, error: kubelet is configured to not run on a host using cgroup v1. cgroup v1 support is unsupported and will be removed in a future release, path: &TypeMeta{Kind:,APIVersion:,}"
Sep 06 03:44:57 gitops-control-plane systemd[1]: kubelet.service: Main process exited, code=exited, status=1/FAILURE
Sep 06 03:44:57 gitops-control-plane systemd[1]: kubelet.service: Failed with result 'exit-code'.
Sep 06 03:44:58 gitops-control-plane systemd[1]: kubelet.service: Scheduled restart job, restart counter is at 2.
Sep 06 03:44:58 gitops-control-plane systemd[1]: Starting kubelet.service - kubelet: The Kubernetes Node Agent...
Sep 06 03:44:58 gitops-control-plane systemd[1]: Started kubelet.service - kubelet: The Kubernetes Node Agent.
Sep 06 03:44:58 gitops-control-plane kubelet[358]: E0906 03:44:58.369266     358 run.go:72] "command failed" err="failed to validate kubelet configuration, error: kubelet is configured to not run on a host using cgroup v1. cgroup v1 support is unsupported and will be removed in a future release, path: &TypeMeta{Kind:,APIVersion:,}"
Sep 06 03:44:58 gitops-control-plane systemd[1]: kubelet.service: Main process exited, code=exited, status=1/FAILURE
Sep 06 03:44:58 gitops-control-plane systemd[1]: kubelet.service: Failed with result 'exit-code'.
Sep 06 03:44:59 gitops-control-plane systemd[1]: kubelet.service: Scheduled restart job, restart counter is at 3.
Sep 06 03:44:59 gitops-control-plane systemd[1]: Starting kubelet.service - kubelet: The Kubernetes Node Agent...
Sep 06 03:44:59 gitops-control-plane systemd[1]: Started kubelet.service - kubelet: The Kubernetes Node Agent.
Sep 06 03:44:59 gitops-control-plane kubelet[377]: E0906 03:44:59.626009     377 run.go:72] "command failed" err="failed to validate kubelet configuration, error: kubelet is configured to not run on a host using cgroup v1. cgroup v1 support is unsupported and will be removed in a future release, path: &TypeMeta{Kind:,APIVersion:,}"
Sep 06 03:44:59 gitops-control-plane systemd[1]: kubelet.service: Main process exited, code=exited, status=1/FAILURE
Sep 06 03:44:59 gitops-control-plane systemd[1]: kubelet.service: Failed with result 'exit-code'.
Sep 06 03:45:00 gitops-control-plane systemd[1]: kubelet.service: Scheduled restart job, restart counter is at 4.
Sep 06 03:45:00 gitops-control-plane systemd[1]: Starting kubelet.service - kubelet: The Kubernetes Node Agent...
Sep 06 03:45:00 gitops-control-plane systemd[1]: Started kubelet.service - kubelet: The Kubernetes Node Agent.
Sep 06 03:45:00 gitops-control-plane kubelet[397]: E0906 03:45:00.853974     397 run.go:72] "command failed" err="failed to validate kubelet configuration, error: kubelet is configured to not run on a host using cgroup v1. cgroup v1 support is unsupported and will be removed in a future release, path: &TypeMeta{Kind:,APIVersion:,}"
Sep 06 03:45:00 gitops-control-plane systemd[1]: kubelet.service: Main process exited, code=exited, status=1/FAILURE
Sep 06 03:45:00 gitops-control-plane systemd[1]: kubelet.service: Failed with result 'exit-code'.
Sep 06 03:45:02 gitops-control-plane systemd[1]: kubelet.service: Scheduled restart job, restart counter is at 5.
Sep 06 03:45:02 gitops-control-plane systemd[1]: Starting kubelet.service - kubelet: The Kubernetes Node Agent...
Sep 06 03:45:02 gitops-control-plane systemd[1]: Started kubelet.service - kubelet: The Kubernetes Node Agent.
Sep 06 03:45:02 gitops-control-plane kubelet[417]: E0906 03:45:02.100714     417 run.go:72] "command failed" err="failed to validate kubelet configuration, error: kubelet is configured to not run on a host using cgroup v1. cgroup v1 support is unsupported and will be removed in a future release, path: &TypeMeta{Kind:,APIVersion:,}"
Sep 06 03:45:02 gitops-control-plane systemd[1]: kubelet.service: Main process exited, code=exited, status=1/FAILURE
Sep 06 03:45:02 gitops-control-plane systemd[1]: kubelet.service: Failed with result 'exit-code'.
Sep 06 03:45:03 gitops-control-plane systemd[1]: kubelet.service: Scheduled restart job, restart counter is at 6.
Sep 06 03:45:03 gitops-control-plane systemd[1]: Starting kubelet.service - kubelet: The Kubernetes Node Agent...
Sep 06 03:45:03 gitops-control-plane systemd[1]: Started kubelet.service - kubelet: The Kubernetes Node Agent.
Sep 06 03:45:03 gitops-control-plane kubelet[437]: E0906 03:45:03.349024     437 run.go:72] "command failed" err="failed to validate kubelet configuration, error: kubelet is configured to not run on a host using cgroup v1. cgroup v1 support is unsupported and will be removed in a future release, path: &TypeMeta{Kind:,APIVersion:,}"
Sep 06 03:45:03 gitops-control-plane systemd[1]: kubelet.service: Main process exited, code=exited, status=1/FAILURE
Sep 06 03:45:03 gitops-control-plane systemd[1]: kubelet.service: Failed with result 'exit-code'.
Sep 06 03:45:04 gitops-control-plane systemd[1]: kubelet.service: Scheduled restart job, restart counter is at 7.
Sep 06 03:45:04 gitops-control-plane systemd[1]: Starting kubelet.service - kubelet: The Kubernetes Node Agent...
Sep 06 03:45:04 gitops-control-plane systemd[1]: Started kubelet.service - kubelet: The Kubernetes Node Agent.
Sep 06 03:45:04 gitops-control-plane kubelet[455]: E0906 03:45:04.617987     455 run.go:72] "command failed" err="failed to validate kubelet configuration, error: kubelet is configured to not run on a host using cgroup v1. cgroup v1 support is unsupported and will be removed in a future release, path: &TypeMeta{Kind:,APIVersion:,}"
Sep 06 03:45:04 gitops-control-plane systemd[1]: kubelet.service: Main process exited, code=exited, status=1/FAILURE
Sep 06 03:45:04 gitops-control-plane systemd[1]: kubelet.service: Failed with result 'exit-code'.
Sep 06 03:45:05 gitops-control-plane systemd[1]: kubelet.service: Scheduled restart job, restart counter is at 8.
Sep 06 03:45:05 gitops-control-plane systemd[1]: Starting kubelet.service - kubelet: The Kubernetes Node Agent...
Sep 06 03:45:05 gitops-control-plane systemd[1]: Started kubelet.service - kubelet: The Kubernetes Node Agent.
Sep 06 03:45:05 gitops-control-plane kubelet[472]: E0906 03:45:05.876663     472 run.go:72] "command failed" err="failed to validate kubelet configuration, error: kubelet is configured to not run on a host using cgroup v1. cgroup v1 support is unsupported and will be removed in a future release, path: &TypeMeta{Kind:,APIVersion:,}"
Sep 06 03:45:05 gitops-control-plane systemd[1]: kubelet.service: Main process exited, code=exited, status=1/FAILURE
Sep 06 03:45:05 gitops-control-plane systemd[1]: kubelet.service: Failed with result 'exit-code'.
Sep 06 03:45:07 gitops-control-plane systemd[1]: kubelet.service: Scheduled restart job, restart counter is at 9.
Sep 06 03:45:07 gitops-control-plane systemd[1]: Starting kubelet.service - kubelet: The Kubernetes Node Agent...
Sep 06 03:45:07 gitops-control-plane systemd[1]: Started kubelet.service - kubelet: The Kubernetes Node Agent.
Sep 06 03:45:07 gitops-control-plane kubelet[492]: E0906 03:45:07.116455     492 run.go:72] "command failed" err="failed to validate kubelet configuration, error: kubelet is configured to not run on a host using cgroup v1. cgroup v1 support is unsupported and will be removed in a future release, path: &TypeMeta{Kind:,APIVersion:,}"
Sep 06 03:45:07 gitops-control-plane systemd[1]: kubelet.service: Main process exited, code=exited, status=1/FAILURE
Sep 06 03:45:07 gitops-control-plane systemd[1]: kubelet.service: Failed with result 'exit-code'.
Sep 06 03:45:08 gitops-control-plane systemd[1]: kubelet.service: Scheduled restart job, restart counter is at 10.
Sep 06 03:45:08 gitops-control-plane systemd[1]: Starting kubelet.service - kubelet: The Kubernetes Node Agent...
Sep 06 03:45:08 gitops-control-plane systemd[1]: Started kubelet.service - kubelet: The Kubernetes Node Agent.
Sep 06 03:45:08 gitops-control-plane kubelet[513]: E0906 03:45:08.383967     513 run.go:72] "command failed" err="failed to validate kubelet configuration, error: kubelet is configured to not run on a host using cgroup v1. cgroup v1 support is unsupported and will be removed in a future release, path: &TypeMeta{Kind:,APIVersion:,}"
Sep 06 03:45:08 gitops-control-plane systemd[1]: kubelet.service: Main process exited, code=exited, status=1/FAILURE
Sep 06 03:45:08 gitops-control-plane systemd[1]: kubelet.service: Failed with result 'exit-code'.
Sep 06 03:45:09 gitops-control-plane systemd[1]: kubelet.service: Scheduled restart job, restart counter is at 11.
Sep 06 03:45:09 gitops-control-plane systemd[1]: Starting kubelet.service - kubelet: The Kubernetes Node Agent...
Sep 06 03:45:09 gitops-control-plane systemd[1]: Started kubelet.service - kubelet: The Kubernetes Node Agent.
Sep 06 03:45:09 gitops-control-plane kubelet[532]: E0906 03:45:09.601951     532 run.go:72] "command failed" err="failed to validate kubelet configuration, error: kubelet is configured to not run on a host using cgroup v1. cgroup v1 support is unsupported and will be removed in a future release, path: &TypeMeta{Kind:,APIVersion:,}"
Sep 06 03:45:09 gitops-control-plane systemd[1]: kubelet.service: Main process exited, code=exited, status=1/FAILURE
Sep 06 03:45:09 gitops-control-plane systemd[1]: kubelet.service: Failed with result 'exit-code'.
Sep 06 03:45:10 gitops-control-plane systemd[1]: kubelet.service: Scheduled restart job, restart counter is at 12.
Sep 06 03:45:10 gitops-control-plane systemd[1]: Starting kubelet.service - kubelet: The Kubernetes Node Agent...
Sep 06 03:45:10 gitops-control-plane systemd[1]: Started kubelet.service - kubelet: The Kubernetes Node Agent.
Sep 06 03:45:10 gitops-control-plane kubelet[551]: E0906 03:45:10.847439     551 run.go:72] "command failed" err="failed to validate kubelet configuration, error: kubelet is configured to not run on a host using cgroup v1. cgroup v1 support is unsupported and will be removed in a future release, path: &TypeMeta{Kind:,APIVersion:,}"
Sep 06 03:45:10 gitops-control-plane systemd[1]: kubelet.service: Main process exited, code=exited, status=1/FAILURE
Sep 06 03:45:10 gitops-control-plane systemd[1]: kubelet.service: Failed with result 'exit-code'.
Sep 06 03:45:12 gitops-control-plane systemd[1]: kubelet.service: Scheduled restart job, restart counter is at 13.
Sep 06 03:45:12 gitops-control-plane systemd[1]: Starting kubelet.service - kubelet: The Kubernetes Node Agent...
Sep 06 03:45:12 gitops-control-plane systemd[1]: Started kubelet.service - kubelet: The Kubernetes Node Agent.
Sep 06 03:45:12 gitops-control-plane kubelet[569]: E0906 03:45:12.106155     569 run.go:72] "command failed" err="failed to validate kubelet configuration, error: kubelet is configured to not run on a host using cgroup v1. cgroup v1 support is unsupported and will be removed in a future release, path: &TypeMeta{Kind:,APIVersion:,}"
Sep 06 03:45:12 gitops-control-plane systemd[1]: kubelet.service: Main process exited, code=exited, status=1/FAILURE
Sep 06 03:45:12 gitops-control-plane systemd[1]: kubelet.service: Failed with result 'exit-code'.
Sep 06 03:45:13 gitops-control-plane systemd[1]: kubelet.service: Scheduled restart job, restart counter is at 14.
Sep 06 03:45:13 gitops-control-plane systemd[1]: Starting kubelet.service - kubelet: The Kubernetes Node Agent...
Sep 06 03:45:13 gitops-control-plane systemd[1]: Started kubelet.service - kubelet: The Kubernetes Node Agent.
Sep 06 03:45:13 gitops-control-plane kubelet[589]: E0906 03:45:13.357890     589 run.go:72] "command failed" err="failed to validate kubelet configuration, error: kubelet is configured to not run on a host using cgroup v1. cgroup v1 support is unsupported and will be removed in a future release, path: &TypeMeta{Kind:,APIVersion:,}"
Sep 06 03:45:13 gitops-control-plane systemd[1]: kubelet.service: Main process exited, code=exited, status=1/FAILURE
Sep 06 03:45:13 gitops-control-plane systemd[1]: kubelet.service: Failed with result 'exit-code'.
Sep 06 03:45:14 gitops-control-plane systemd[1]: kubelet.service: Scheduled restart job, restart counter is at 15.
Sep 06 03:45:14 gitops-control-plane systemd[1]: Starting kubelet.service - kubelet: The Kubernetes Node Agent...
Sep 06 03:45:14 gitops-control-plane systemd[1]: Started kubelet.service - kubelet: The Kubernetes Node Agent.
Sep 06 03:45:14 gitops-control-plane kubelet[609]: E0906 03:45:14.603970     609 run.go:72] "command failed" err="failed to validate kubelet configuration, error: kubelet is configured to not run on a host using cgroup v1. cgroup v1 support is unsupported and will be removed in a future release, path: &TypeMeta{Kind:,APIVersion:,}"
Sep 06 03:45:14 gitops-control-plane systemd[1]: kubelet.service: Main process exited, code=exited, status=1/FAILURE
Sep 06 03:45:14 gitops-control-plane systemd[1]: kubelet.service: Failed with result 'exit-code'.
Sep 06 03:45:15 gitops-control-plane systemd[1]: kubelet.service: Scheduled restart job, restart counter is at 16.
Sep 06 03:45:15 gitops-control-plane systemd[1]: Starting kubelet.service - kubelet: The Kubernetes Node Agent...
Sep 06 03:45:15 gitops-control-plane systemd[1]: Started kubelet.service - kubelet: The Kubernetes Node Agent.
Sep 06 03:45:15 gitops-control-plane kubelet[627]: E0906 03:45:15.874778     627 run.go:72] "command failed" err="failed to validate kubelet configuration, error: kubelet is configured to not run on a host using cgroup v1. cgroup v1 support is unsupported and will be removed in a future release, path: &TypeMeta{Kind:,APIVersion:,}"
Sep 06 03:45:15 gitops-control-plane systemd[1]: kubelet.service: Main process exited, code=exited, status=1/FAILURE
Sep 06 03:45:15 gitops-control-plane systemd[1]: kubelet.service: Failed with result 'exit-code'.
Sep 06 03:45:17 gitops-control-plane systemd[1]: kubelet.service: Scheduled restart job, restart counter is at 17.
Sep 06 03:45:17 gitops-control-plane systemd[1]: Starting kubelet.service - kubelet: The Kubernetes Node Agent...
Sep 06 03:45:17 gitops-control-plane systemd[1]: Started kubelet.service - kubelet: The Kubernetes Node Agent.
Sep 06 03:45:17 gitops-control-plane kubelet[648]: E0906 03:45:17.122273     648 run.go:72] "command failed" err="failed to validate kubelet configuration, error: kubelet is configured to not run on a host using cgroup v1. cgroup v1 support is unsupported and will be removed in a future release, path: &TypeMeta{Kind:,APIVersion:,}"
Sep 06 03:45:17 gitops-control-plane systemd[1]: kubelet.service: Main process exited, code=exited, status=1/FAILURE
Sep 06 03:45:17 gitops-control-plane systemd[1]: kubelet.service: Failed with result 'exit-code'.
Sep 06 03:45:18 gitops-control-plane systemd[1]: kubelet.service: Scheduled restart job, restart counter is at 18.
Sep 06 03:45:18 gitops-control-plane systemd[1]: Starting kubelet.service - kubelet: The Kubernetes Node Agent...
Sep 06 03:45:18 gitops-control-plane systemd[1]: Started kubelet.service - kubelet: The Kubernetes Node Agent.
Sep 06 03:45:18 gitops-control-plane kubelet[667]: E0906 03:45:18.349950     667 run.go:72] "command failed" err="failed to validate kubelet configuration, error: kubelet is configured to not run on a host using cgroup v1. cgroup v1 support is unsupported and will be removed in a future release, path: &TypeMeta{Kind:,APIVersion:,}"
Sep 06 03:45:18 gitops-control-plane systemd[1]: kubelet.service: Main process exited, code=exited, status=1/FAILURE
Sep 06 03:45:18 gitops-control-plane systemd[1]: kubelet.service: Failed with result 'exit-code'.
Sep 06 03:45:19 gitops-control-plane systemd[1]: kubelet.service: Scheduled restart job, restart counter is at 19.
Sep 06 03:45:19 gitops-control-plane systemd[1]: Starting kubelet.service - kubelet: The Kubernetes Node Agent...
Sep 06 03:45:19 gitops-control-plane systemd[1]: Started kubelet.service - kubelet: The Kubernetes Node Agent.
Sep 06 03:45:19 gitops-control-plane kubelet[684]: E0906 03:45:19.620198     684 run.go:72] "command failed" err="failed to validate kubelet configuration, error: kubelet is configured to not run on a host using cgroup v1. cgroup v1 support is unsupported and will be removed in a future release, path: &TypeMeta{Kind:,APIVersion:,}"
Sep 06 03:45:19 gitops-control-plane systemd[1]: kubelet.service: Main process exited, code=exited, status=1/FAILURE
Sep 06 03:45:19 gitops-control-plane systemd[1]: kubelet.service: Failed with result 'exit-code'.
Sep 06 03:45:20 gitops-control-plane systemd[1]: kubelet.service: Scheduled restart job, restart counter is at 20.
Sep 06 03:45:20 gitops-control-plane systemd[1]: Starting kubelet.service - kubelet: The Kubernetes Node Agent...
Sep 06 03:45:20 gitops-control-plane systemd[1]: Started kubelet.service - kubelet: The Kubernetes Node Agent.
Sep 06 03:45:20 gitops-control-plane kubelet[705]: E0906 03:45:20.872390     705 run.go:72] "command failed" err="failed to validate kubelet configuration, error: kubelet is configured to not run on a host using cgroup v1. cgroup v1 support is unsupported and will be removed in a future release, path: &TypeMeta{Kind:,APIVersion:,}"
Sep 06 03:45:20 gitops-control-plane systemd[1]: kubelet.service: Main process exited, code=exited, status=1/FAILURE
Sep 06 03:45:20 gitops-control-plane systemd[1]: kubelet.service: Failed with result 'exit-code'.
Sep 06 03:45:22 gitops-control-plane systemd[1]: kubelet.service: Scheduled restart job, restart counter is at 21.
Sep 06 03:45:22 gitops-control-plane systemd[1]: Starting kubelet.service - kubelet: The Kubernetes Node Agent...
Sep 06 03:45:22 gitops-control-plane systemd[1]: Started kubelet.service - kubelet: The Kubernetes Node Agent.
Sep 06 03:45:22 gitops-control-plane kubelet[724]: E0906 03:45:22.111226     724 run.go:72] "command failed" err="failed to validate kubelet configuration, error: kubelet is configured to not run on a host using cgroup v1. cgroup v1 support is unsupported and will be removed in a future release, path: &TypeMeta{Kind:,APIVersion:,}"
Sep 06 03:45:22 gitops-control-plane systemd[1]: kubelet.service: Main process exited, code=exited, status=1/FAILURE
Sep 06 03:45:22 gitops-control-plane systemd[1]: kubelet.service: Failed with result 'exit-code'.
Sep 06 03:45:23 gitops-control-plane systemd[1]: kubelet.service: Scheduled restart job, restart counter is at 22.
Sep 06 03:45:23 gitops-control-plane systemd[1]: Starting kubelet.service - kubelet: The Kubernetes Node Agent...
Sep 06 03:45:23 gitops-control-plane systemd[1]: Started kubelet.service - kubelet: The Kubernetes Node Agent.
Sep 06 03:45:23 gitops-control-plane kubelet[744]: E0906 03:45:23.358658     744 run.go:72] "command failed" err="failed to validate kubelet configuration, error: kubelet is configured to not run on a host using cgroup v1. cgroup v1 support is unsupported and will be removed in a future release, path: &TypeMeta{Kind:,APIVersion:,}"
Sep 06 03:45:23 gitops-control-plane systemd[1]: kubelet.service: Main process exited, code=exited, status=1/FAILURE
Sep 06 03:45:23 gitops-control-plane systemd[1]: kubelet.service: Failed with result 'exit-code'.
Sep 06 03:45:24 gitops-control-plane systemd[1]: kubelet.service: Scheduled restart job, restart counter is at 23.
Sep 06 03:45:24 gitops-control-plane systemd[1]: Starting kubelet.service - kubelet: The Kubernetes Node Agent...
Sep 06 03:45:24 gitops-control-plane systemd[1]: Started kubelet.service - kubelet: The Kubernetes Node Agent.
Sep 06 03:45:24 gitops-control-plane kubelet[763]: E0906 03:45:24.624198     763 run.go:72] "command failed" err="failed to validate kubelet configuration, error: kubelet is configured to not run on a host using cgroup v1. cgroup v1 support is unsupported and will be removed in a future release, path: &TypeMeta{Kind:,APIVersion:,}"
Sep 06 03:45:24 gitops-control-plane systemd[1]: kubelet.service: Main process exited, code=exited, status=1/FAILURE
Sep 06 03:45:24 gitops-control-plane systemd[1]: kubelet.service: Failed with result 'exit-code'.
Sep 06 03:45:25 gitops-control-plane systemd[1]: kubelet.service: Scheduled restart job, restart counter is at 24.
Sep 06 03:45:25 gitops-control-plane systemd[1]: Starting kubelet.service - kubelet: The Kubernetes Node Agent...
Sep 06 03:45:25 gitops-control-plane systemd[1]: Started kubelet.service - kubelet: The Kubernetes Node Agent.
Sep 06 03:45:25 gitops-control-plane kubelet[783]: E0906 03:45:25.865964     783 run.go:72] "command failed" err="failed to validate kubelet configuration, error: kubelet is configured to not run on a host using cgroup v1. cgroup v1 support is unsupported and will be removed in a future release, path: &TypeMeta{Kind:,APIVersion:,}"
Sep 06 03:45:25 gitops-control-plane systemd[1]: kubelet.service: Main process exited, code=exited, status=1/FAILURE
Sep 06 03:45:25 gitops-control-plane systemd[1]: kubelet.service: Failed with result 'exit-code'.
Sep 06 03:45:27 gitops-control-plane systemd[1]: kubelet.service: Scheduled restart job, restart counter is at 25.
Sep 06 03:45:27 gitops-control-plane systemd[1]: Starting kubelet.service - kubelet: The Kubernetes Node Agent...
Sep 06 03:45:27 gitops-control-plane systemd[1]: Started kubelet.service - kubelet: The Kubernetes Node Agent.
Sep 06 03:45:27 gitops-control-plane kubelet[801]: E0906 03:45:27.098404     801 run.go:72] "command failed" err="failed to validate kubelet configuration, error: kubelet is configured to not run on a host using cgroup v1. cgroup v1 support is unsupported and will be removed in a future release, path: &TypeMeta{Kind:,APIVersion:,}"
Sep 06 03:45:27 gitops-control-plane systemd[1]: kubelet.service: Main process exited, code=exited, status=1/FAILURE
Sep 06 03:45:27 gitops-control-plane systemd[1]: kubelet.service: Failed with result 'exit-code'.
Sep 06 03:45:28 gitops-control-plane systemd[1]: kubelet.service: Scheduled restart job, restart counter is at 26.
Sep 06 03:45:28 gitops-control-plane systemd[1]: Starting kubelet.service - kubelet: The Kubernetes Node Agent...
Sep 06 03:45:28 gitops-control-plane systemd[1]: Started kubelet.service - kubelet: The Kubernetes Node Agent.
Sep 06 03:45:28 gitops-control-plane kubelet[822]: E0906 03:45:28.353216     822 run.go:72] "command failed" err="failed to validate kubelet configuration, error: kubelet is configured to not run on a host using cgroup v1. cgroup v1 support is unsupported and will be removed in a future release, path: &TypeMeta{Kind:,APIVersion:,}"
Sep 06 03:45:28 gitops-control-plane systemd[1]: kubelet.service: Main process exited, code=exited, status=1/FAILURE
Sep 06 03:45:28 gitops-control-plane systemd[1]: kubelet.service: Failed with result 'exit-code'.
Sep 06 03:45:29 gitops-control-plane systemd[1]: kubelet.service: Scheduled restart job, restart counter is at 27.
Sep 06 03:45:29 gitops-control-plane systemd[1]: Starting kubelet.service - kubelet: The Kubernetes Node Agent...
Sep 06 03:45:29 gitops-control-plane systemd[1]: Started kubelet.service - kubelet: The Kubernetes Node Agent.
Sep 06 03:45:29 gitops-control-plane kubelet[841]: E0906 03:45:29.618686     841 run.go:72] "command failed" err="failed to validate kubelet configuration, error: kubelet is configured to not run on a host using cgroup v1. cgroup v1 support is unsupported and will be removed in a future release, path: &TypeMeta{Kind:,APIVersion:,}"
Sep 06 03:45:29 gitops-control-plane systemd[1]: kubelet.service: Main process exited, code=exited, status=1/FAILURE
Sep 06 03:45:29 gitops-control-plane systemd[1]: kubelet.service: Failed with result 'exit-code'.
Sep 06 03:45:30 gitops-control-plane systemd[1]: kubelet.service: Scheduled restart job, restart counter is at 28.
Sep 06 03:45:30 gitops-control-plane systemd[1]: Starting kubelet.service - kubelet: The Kubernetes Node Agent...
Sep 06 03:45:30 gitops-control-plane systemd[1]: Started kubelet.service - kubelet: The Kubernetes Node Agent.
Sep 06 03:45:30 gitops-control-plane kubelet[861]: E0906 03:45:30.859677     861 run.go:72] "command failed" err="failed to validate kubelet configuration, error: kubelet is configured to not run on a host using cgroup v1. cgroup v1 support is unsupported and will be removed in a future release, path: &TypeMeta{Kind:,APIVersion:,}"
Sep 06 03:45:30 gitops-control-plane systemd[1]: kubelet.service: Main process exited, code=exited, status=1/FAILURE
Sep 06 03:45:30 gitops-control-plane systemd[1]: kubelet.service: Failed with result 'exit-code'.
Sep 06 03:45:32 gitops-control-plane systemd[1]: kubelet.service: Scheduled restart job, restart counter is at 29.
Sep 06 03:45:32 gitops-control-plane systemd[1]: Starting kubelet.service - kubelet: The Kubernetes Node Agent...
Sep 06 03:45:32 gitops-control-plane systemd[1]: Started kubelet.service - kubelet: The Kubernetes Node Agent.
Sep 06 03:45:32 gitops-control-plane kubelet[880]: E0906 03:45:32.122959     880 run.go:72] "command failed" err="failed to validate kubelet configuration, error: kubelet is configured to not run on a host using cgroup v1. cgroup v1 support is unsupported and will be removed in a future release, path: &TypeMeta{Kind:,APIVersion:,}"
Sep 06 03:45:32 gitops-control-plane systemd[1]: kubelet.service: Main process exited, code=exited, status=1/FAILURE
Sep 06 03:45:32 gitops-control-plane systemd[1]: kubelet.service: Failed with result 'exit-code'.
Sep 06 03:45:33 gitops-control-plane systemd[1]: kubelet.service: Scheduled restart job, restart counter is at 30.
Sep 06 03:45:33 gitops-control-plane systemd[1]: Starting kubelet.service - kubelet: The Kubernetes Node Agent...
Sep 06 03:45:33 gitops-control-plane systemd[1]: Started kubelet.service - kubelet: The Kubernetes Node Agent.
Sep 06 03:45:33 gitops-control-plane kubelet[899]: E0906 03:45:33.360903     899 run.go:72] "command failed" err="failed to validate kubelet configuration, error: kubelet is configured to not run on a host using cgroup v1. cgroup v1 support is unsupported and will be removed in a future release, path: &TypeMeta{Kind:,APIVersion:,}"
Sep 06 03:45:33 gitops-control-plane systemd[1]: kubelet.service: Main process exited, code=exited, status=1/FAILURE
Sep 06 03:45:33 gitops-control-plane systemd[1]: kubelet.service: Failed with result 'exit-code'.
Sep 06 03:45:34 gitops-control-plane systemd[1]: kubelet.service: Scheduled restart job, restart counter is at 31.
Sep 06 03:45:34 gitops-control-plane systemd[1]: Starting kubelet.service - kubelet: The Kubernetes Node Agent...
Sep 06 03:45:34 gitops-control-plane systemd[1]: Started kubelet.service - kubelet: The Kubernetes Node Agent.
Sep 06 03:45:34 gitops-control-plane kubelet[917]: E0906 03:45:34.613568     917 run.go:72] "command failed" err="failed to validate kubelet configuration, error: kubelet is configured to not run on a host using cgroup v1. cgroup v1 support is unsupported and will be removed in a future release, path: &TypeMeta{Kind:,APIVersion:,}"
Sep 06 03:45:34 gitops-control-plane systemd[1]: kubelet.service: Main process exited, code=exited, status=1/FAILURE
Sep 06 03:45:34 gitops-control-plane systemd[1]: kubelet.service: Failed with result 'exit-code'.
Sep 06 03:45:35 gitops-control-plane systemd[1]: kubelet.service: Scheduled restart job, restart counter is at 32.
Sep 06 03:45:35 gitops-control-plane systemd[1]: Starting kubelet.service - kubelet: The Kubernetes Node Agent...
Sep 06 03:45:35 gitops-control-plane systemd[1]: Started kubelet.service - kubelet: The Kubernetes Node Agent.
Sep 06 03:45:35 gitops-control-plane kubelet[935]: E0906 03:45:35.860666     935 run.go:72] "command failed" err="failed to validate kubelet configuration, error: kubelet is configured to not run on a host using cgroup v1. cgroup v1 support is unsupported and will be removed in a future release, path: &TypeMeta{Kind:,APIVersion:,}"
Sep 06 03:45:35 gitops-control-plane systemd[1]: kubelet.service: Main process exited, code=exited, status=1/FAILURE
Sep 06 03:45:35 gitops-control-plane systemd[1]: kubelet.service: Failed with result 'exit-code'.
Sep 06 03:45:37 gitops-control-plane systemd[1]: kubelet.service: Scheduled restart job, restart counter is at 33.
Sep 06 03:45:37 gitops-control-plane systemd[1]: Starting kubelet.service - kubelet: The Kubernetes Node Agent...
Sep 06 03:45:37 gitops-control-plane systemd[1]: Started kubelet.service - kubelet: The Kubernetes Node Agent.
Sep 06 03:45:37 gitops-control-plane kubelet[954]: E0906 03:45:37.116715     954 run.go:72] "command failed" err="failed to validate kubelet configuration, error: kubelet is configured to not run on a host using cgroup v1. cgroup v1 support is unsupported and will be removed in a future release, path: &TypeMeta{Kind:,APIVersion:,}"
Sep 06 03:45:37 gitops-control-plane systemd[1]: kubelet.service: Main process exited, code=exited, status=1/FAILURE
Sep 06 03:45:37 gitops-control-plane systemd[1]: kubelet.service: Failed with result 'exit-code'.
Sep 06 03:45:38 gitops-control-plane systemd[1]: kubelet.service: Scheduled restart job, restart counter is at 34.
Sep 06 03:45:38 gitops-control-plane systemd[1]: Starting kubelet.service - kubelet: The Kubernetes Node Agent...
Sep 06 03:45:38 gitops-control-plane systemd[1]: Started kubelet.service - kubelet: The Kubernetes Node Agent.
Sep 06 03:45:38 gitops-control-plane kubelet[974]: E0906 03:45:38.367506     974 run.go:72] "command failed" err="failed to validate kubelet configuration, error: kubelet is configured to not run on a host using cgroup v1. cgroup v1 support is unsupported and will be removed in a future release, path: &TypeMeta{Kind:,APIVersion:,}"
Sep 06 03:45:38 gitops-control-plane systemd[1]: kubelet.service: Main process exited, code=exited, status=1/FAILURE
Sep 06 03:45:38 gitops-control-plane systemd[1]: kubelet.service: Failed with result 'exit-code'.
Sep 06 03:45:39 gitops-control-plane systemd[1]: kubelet.service: Scheduled restart job, restart counter is at 35.
Sep 06 03:45:39 gitops-control-plane systemd[1]: Starting kubelet.service - kubelet: The Kubernetes Node Agent...
Sep 06 03:45:39 gitops-control-plane systemd[1]: Started kubelet.service - kubelet: The Kubernetes Node Agent.
Sep 06 03:45:39 gitops-control-plane kubelet[993]: E0906 03:45:39.693697     993 run.go:72] "command failed" err="failed to validate kubelet configuration, error: kubelet is configured to not run on a host using cgroup v1. cgroup v1 support is unsupported and will be removed in a future release, path: &TypeMeta{Kind:,APIVersion:,}"
Sep 06 03:45:39 gitops-control-plane systemd[1]: kubelet.service: Main process exited, code=exited, status=1/FAILURE
Sep 06 03:45:39 gitops-control-plane systemd[1]: kubelet.service: Failed with result 'exit-code'.
Sep 06 03:45:40 gitops-control-plane systemd[1]: kubelet.service: Scheduled restart job, restart counter is at 36.
Sep 06 03:45:40 gitops-control-plane systemd[1]: Starting kubelet.service - kubelet: The Kubernetes Node Agent...
Sep 06 03:45:40 gitops-control-plane systemd[1]: Started kubelet.service - kubelet: The Kubernetes Node Agent.
Sep 06 03:45:40 gitops-control-plane kubelet[1012]: E0906 03:45:40.872502    1012 run.go:72] "command failed" err="failed to validate kubelet configuration, error: kubelet is configured to not run on a host using cgroup v1. cgroup v1 support is unsupported and will be removed in a future release, path: &TypeMeta{Kind:,APIVersion:,}"
Sep 06 03:45:40 gitops-control-plane systemd[1]: kubelet.service: Main process exited, code=exited, status=1/FAILURE
Sep 06 03:45:40 gitops-control-plane systemd[1]: kubelet.service: Failed with result 'exit-code'.
Sep 06 03:45:42 gitops-control-plane systemd[1]: kubelet.service: Scheduled restart job, restart counter is at 37.
Sep 06 03:45:42 gitops-control-plane systemd[1]: Starting kubelet.service - kubelet: The Kubernetes Node Agent...
Sep 06 03:45:42 gitops-control-plane systemd[1]: Started kubelet.service - kubelet: The Kubernetes Node Agent.
Sep 06 03:45:42 gitops-control-plane kubelet[1032]: E0906 03:45:42.133212    1032 run.go:72] "command failed" err="failed to validate kubelet configuration, error: kubelet is configured to not run on a host using cgroup v1. cgroup v1 support is unsupported and will be removed in a future release, path: &TypeMeta{Kind:,APIVersion:,}"
Sep 06 03:45:42 gitops-control-plane systemd[1]: kubelet.service: Main process exited, code=exited, status=1/FAILURE
Sep 06 03:45:42 gitops-control-plane systemd[1]: kubelet.service: Failed with result 'exit-code'.
Sep 06 03:45:43 gitops-control-plane systemd[1]: kubelet.service: Scheduled restart job, restart counter is at 38.
Sep 06 03:45:43 gitops-control-plane systemd[1]: Starting kubelet.service - kubelet: The Kubernetes Node Agent...
Sep 06 03:45:43 gitops-control-plane systemd[1]: Started kubelet.service - kubelet: The Kubernetes Node Agent.
Sep 06 03:45:43 gitops-control-plane kubelet[1052]: E0906 03:45:43.379820    1052 run.go:72] "command failed" err="failed to validate kubelet configuration, error: kubelet is configured to not run on a host using cgroup v1. cgroup v1 support is unsupported and will be removed in a future release, path: &TypeMeta{Kind:,APIVersion:,}"
Sep 06 03:45:43 gitops-control-plane systemd[1]: kubelet.service: Main process exited, code=exited, status=1/FAILURE
Sep 06 03:45:43 gitops-control-plane systemd[1]: kubelet.service: Failed with result 'exit-code'.
Sep 06 03:45:44 gitops-control-plane systemd[1]: kubelet.service: Scheduled restart job, restart counter is at 39.
Sep 06 03:45:44 gitops-control-plane systemd[1]: Starting kubelet.service - kubelet: The Kubernetes Node Agent...
Sep 06 03:45:44 gitops-control-plane systemd[1]: Started kubelet.service - kubelet: The Kubernetes Node Agent.
Sep 06 03:45:44 gitops-control-plane kubelet[1071]: E0906 03:45:44.627246    1071 run.go:72] "command failed" err="failed to validate kubelet configuration, error: kubelet is configured to not run on a host using cgroup v1. cgroup v1 support is unsupported and will be removed in a future release, path: &TypeMeta{Kind:,APIVersion:,}"
Sep 06 03:45:44 gitops-control-plane systemd[1]: kubelet.service: Main process exited, code=exited, status=1/FAILURE
Sep 06 03:45:44 gitops-control-plane systemd[1]: kubelet.service: Failed with result 'exit-code'.
Sep 06 03:45:45 gitops-control-plane systemd[1]: kubelet.service: Scheduled restart job, restart counter is at 40.
Sep 06 03:45:45 gitops-control-plane systemd[1]: Starting kubelet.service - kubelet: The Kubernetes Node Agent...
Sep 06 03:45:45 gitops-control-plane systemd[1]: Started kubelet.service - kubelet: The Kubernetes Node Agent.
Sep 06 03:45:45 gitops-control-plane kubelet[1090]: E0906 03:45:45.855369    1090 run.go:72] "command failed" err="failed to validate kubelet configuration, error: kubelet is configured to not run on a host using cgroup v1. cgroup v1 support is unsupported and will be removed in a future release, path: &TypeMeta{Kind:,APIVersion:,}"
Sep 06 03:45:45 gitops-control-plane systemd[1]: kubelet.service: Main process exited, code=exited, status=1/FAILURE
Sep 06 03:45:45 gitops-control-plane systemd[1]: kubelet.service: Failed with result 'exit-code'.
Sep 06 03:45:47 gitops-control-plane systemd[1]: kubelet.service: Scheduled restart job, restart counter is at 41.
Sep 06 03:45:47 gitops-control-plane systemd[1]: Starting kubelet.service - kubelet: The Kubernetes Node Agent...
Sep 06 03:45:47 gitops-control-plane systemd[1]: Started kubelet.service - kubelet: The Kubernetes Node Agent.
Sep 06 03:45:47 gitops-control-plane kubelet[1110]: E0906 03:45:47.122184    1110 run.go:72] "command failed" err="failed to validate kubelet configuration, error: kubelet is configured to not run on a host using cgroup v1. cgroup v1 support is unsupported and will be removed in a future release, path: &TypeMeta{Kind:,APIVersion:,}"
Sep 06 03:45:47 gitops-control-plane systemd[1]: kubelet.service: Main process exited, code=exited, status=1/FAILURE
Sep 06 03:45:47 gitops-control-plane systemd[1]: kubelet.service: Failed with result 'exit-code'.
Sep 06 03:45:48 gitops-control-plane systemd[1]: kubelet.service: Scheduled restart job, restart counter is at 42.
Sep 06 03:45:48 gitops-control-plane systemd[1]: Starting kubelet.service - kubelet: The Kubernetes Node Agent...
Sep 06 03:45:48 gitops-control-plane systemd[1]: Started kubelet.service - kubelet: The Kubernetes Node Agent.
Sep 06 03:45:48 gitops-control-plane kubelet[1130]: E0906 03:45:48.362348    1130 run.go:72] "command failed" err="failed to validate kubelet configuration, error: kubelet is configured to not run on a host using cgroup v1. cgroup v1 support is unsupported and will be removed in a future release, path: &TypeMeta{Kind:,APIVersion:,}"
Sep 06 03:45:48 gitops-control-plane systemd[1]: kubelet.service: Main process exited, code=exited, status=1/FAILURE
Sep 06 03:45:48 gitops-control-plane systemd[1]: kubelet.service: Failed with result 'exit-code'.
Sep 06 03:45:49 gitops-control-plane systemd[1]: kubelet.service: Scheduled restart job, restart counter is at 43.
Sep 06 03:45:49 gitops-control-plane systemd[1]: Starting kubelet.service - kubelet: The Kubernetes Node Agent...
Sep 06 03:45:49 gitops-control-plane systemd[1]: Started kubelet.service - kubelet: The Kubernetes Node Agent.
Sep 06 03:45:49 gitops-control-plane kubelet[1150]: E0906 03:45:49.603488    1150 run.go:72] "command failed" err="failed to validate kubelet configuration, error: kubelet is configured to not run on a host using cgroup v1. cgroup v1 support is unsupported and will be removed in a future release, path: &TypeMeta{Kind:,APIVersion:,}"
Sep 06 03:45:49 gitops-control-plane systemd[1]: kubelet.service: Main process exited, code=exited, status=1/FAILURE
Sep 06 03:45:49 gitops-control-plane systemd[1]: kubelet.service: Failed with result 'exit-code'.
Sep 06 03:45:50 gitops-control-plane systemd[1]: kubelet.service: Scheduled restart job, restart counter is at 44.
Sep 06 03:45:50 gitops-control-plane systemd[1]: Starting kubelet.service - kubelet: The Kubernetes Node Agent...
Sep 06 03:45:50 gitops-control-plane systemd[1]: Started kubelet.service - kubelet: The Kubernetes Node Agent.
Sep 06 03:45:50 gitops-control-plane kubelet[1169]: E0906 03:45:50.860860    1169 run.go:72] "command failed" err="failed to validate kubelet configuration, error: kubelet is configured to not run on a host using cgroup v1. cgroup v1 support is unsupported and will be removed in a future release, path: &TypeMeta{Kind:,APIVersion:,}"
Sep 06 03:45:50 gitops-control-plane systemd[1]: kubelet.service: Main process exited, code=exited, status=1/FAILURE
Sep 06 03:45:50 gitops-control-plane systemd[1]: kubelet.service: Failed with result 'exit-code'.
Sep 06 03:45:52 gitops-control-plane systemd[1]: kubelet.service: Scheduled restart job, restart counter is at 45.
Sep 06 03:45:52 gitops-control-plane systemd[1]: Starting kubelet.service - kubelet: The Kubernetes Node Agent...
Sep 06 03:45:52 gitops-control-plane systemd[1]: Started kubelet.service - kubelet: The Kubernetes Node Agent.
Sep 06 03:45:52 gitops-control-plane kubelet[1188]: E0906 03:45:52.117983    1188 run.go:72] "command failed" err="failed to validate kubelet configuration, error: kubelet is configured to not run on a host using cgroup v1. cgroup v1 support is unsupported and will be removed in a future release, path: &TypeMeta{Kind:,APIVersion:,}"
Sep 06 03:45:52 gitops-control-plane systemd[1]: kubelet.service: Main process exited, code=exited, status=1/FAILURE
Sep 06 03:45:52 gitops-control-plane systemd[1]: kubelet.service: Failed with result 'exit-code'.
Sep 06 03:45:53 gitops-control-plane systemd[1]: kubelet.service: Scheduled restart job, restart counter is at 46.
Sep 06 03:45:53 gitops-control-plane systemd[1]: Starting kubelet.service - kubelet: The Kubernetes Node Agent...
Sep 06 03:45:53 gitops-control-plane systemd[1]: Started kubelet.service - kubelet: The Kubernetes Node Agent.
Sep 06 03:45:53 gitops-control-plane kubelet[1207]: E0906 03:45:53.377710    1207 run.go:72] "command failed" err="failed to validate kubelet configuration, error: kubelet is configured to not run on a host using cgroup v1. cgroup v1 support is unsupported and will be removed in a future release, path: &TypeMeta{Kind:,APIVersion:,}"
Sep 06 03:45:53 gitops-control-plane systemd[1]: kubelet.service: Main process exited, code=exited, status=1/FAILURE
Sep 06 03:45:53 gitops-control-plane systemd[1]: kubelet.service: Failed with result 'exit-code'.
Sep 06 03:45:54 gitops-control-plane systemd[1]: kubelet.service: Scheduled restart job, restart counter is at 47.
Sep 06 03:45:54 gitops-control-plane systemd[1]: Starting kubelet.service - kubelet: The Kubernetes Node Agent...
Sep 06 03:45:54 gitops-control-plane systemd[1]: Started kubelet.service - kubelet: The Kubernetes Node Agent.
Sep 06 03:45:54 gitops-control-plane kubelet[1227]: E0906 03:45:54.612401    1227 run.go:72] "command failed" err="failed to validate kubelet configuration, error: kubelet is configured to not run on a host using cgroup v1. cgroup v1 support is unsupported and will be removed in a future release, path: &TypeMeta{Kind:,APIVersion:,}"
Sep 06 03:45:54 gitops-control-plane systemd[1]: kubelet.service: Main process exited, code=exited, status=1/FAILURE
Sep 06 03:45:54 gitops-control-plane systemd[1]: kubelet.service: Failed with result 'exit-code'.
Sep 06 03:45:55 gitops-control-plane systemd[1]: kubelet.service: Scheduled restart job, restart counter is at 48.
Sep 06 03:45:55 gitops-control-plane systemd[1]: Starting kubelet.service - kubelet: The Kubernetes Node Agent...
Sep 06 03:45:55 gitops-control-plane systemd[1]: Started kubelet.service - kubelet: The Kubernetes Node Agent.
Sep 06 03:45:55 gitops-control-plane kubelet[1246]: E0906 03:45:55.863454    1246 run.go:72] "command failed" err="failed to validate kubelet configuration, error: kubelet is configured to not run on a host using cgroup v1. cgroup v1 support is unsupported and will be removed in a future release, path: &TypeMeta{Kind:,APIVersion:,}"
Sep 06 03:45:55 gitops-control-plane systemd[1]: kubelet.service: Main process exited, code=exited, status=1/FAILURE
Sep 06 03:45:55 gitops-control-plane systemd[1]: kubelet.service: Failed with result 'exit-code'.
Sep 06 03:45:57 gitops-control-plane systemd[1]: kubelet.service: Scheduled restart job, restart counter is at 49.
Sep 06 03:45:57 gitops-control-plane systemd[1]: Starting kubelet.service - kubelet: The Kubernetes Node Agent...
Sep 06 03:45:57 gitops-control-plane systemd[1]: Started kubelet.service - kubelet: The Kubernetes Node Agent.
Sep 06 03:45:57 gitops-control-plane kubelet[1266]: E0906 03:45:57.115477    1266 run.go:72] "command failed" err="failed to validate kubelet configuration, error: kubelet is configured to not run on a host using cgroup v1. cgroup v1 support is unsupported and will be removed in a future release, path: &TypeMeta{Kind:,APIVersion:,}"
Sep 06 03:45:57 gitops-control-plane systemd[1]: kubelet.service: Main process exited, code=exited, status=1/FAILURE
Sep 06 03:45:57 gitops-control-plane systemd[1]: kubelet.service: Failed with result 'exit-code'.
Sep 06 03:45:58 gitops-control-plane systemd[1]: kubelet.service: Scheduled restart job, restart counter is at 50.
Sep 06 03:45:58 gitops-control-plane systemd[1]: Starting kubelet.service - kubelet: The Kubernetes Node Agent...
Sep 06 03:45:58 gitops-control-plane systemd[1]: Started kubelet.service - kubelet: The Kubernetes Node Agent.
Sep 06 03:45:58 gitops-control-plane kubelet[1284]: E0906 03:45:58.365675    1284 run.go:72] "command failed" err="failed to validate kubelet configuration, error: kubelet is configured to not run on a host using cgroup v1. cgroup v1 support is unsupported and will be removed in a future release, path: &TypeMeta{Kind:,APIVersion:,}"
Sep 06 03:45:58 gitops-control-plane systemd[1]: kubelet.service: Main process exited, code=exited, status=1/FAILURE
Sep 06 03:45:58 gitops-control-plane systemd[1]: kubelet.service: Failed with result 'exit-code'.
Sep 06 03:45:59 gitops-control-plane systemd[1]: kubelet.service: Scheduled restart job, restart counter is at 51.
Sep 06 03:45:59 gitops-control-plane systemd[1]: Starting kubelet.service - kubelet: The Kubernetes Node Agent...
Sep 06 03:45:59 gitops-control-plane systemd[1]: Started kubelet.service - kubelet: The Kubernetes Node Agent.
Sep 06 03:45:59 gitops-control-plane kubelet[1304]: E0906 03:45:59.612240    1304 run.go:72] "command failed" err="failed to validate kubelet configuration, error: kubelet is configured to not run on a host using cgroup v1. cgroup v1 support is unsupported and will be removed in a future release, path: &TypeMeta{Kind:,APIVersion:,}"
Sep 06 03:45:59 gitops-control-plane systemd[1]: kubelet.service: Main process exited, code=exited, status=1/FAILURE
Sep 06 03:45:59 gitops-control-plane systemd[1]: kubelet.service: Failed with result 'exit-code'.
Sep 06 03:46:00 gitops-control-plane systemd[1]: kubelet.service: Scheduled restart job, restart counter is at 52.
Sep 06 03:46:00 gitops-control-plane systemd[1]: Starting kubelet.service - kubelet: The Kubernetes Node Agent...
Sep 06 03:46:00 gitops-control-plane systemd[1]: Started kubelet.service - kubelet: The Kubernetes Node Agent.
Sep 06 03:46:00 gitops-control-plane kubelet[1324]: E0906 03:46:00.858242    1324 run.go:72] "command failed" err="failed to validate kubelet configuration, error: kubelet is configured to not run on a host using cgroup v1. cgroup v1 support is unsupported and will be removed in a future release, path: &TypeMeta{Kind:,APIVersion:,}"
Sep 06 03:46:00 gitops-control-plane systemd[1]: kubelet.service: Main process exited, code=exited, status=1/FAILURE
Sep 06 03:46:00 gitops-control-plane systemd[1]: kubelet.service: Failed with result 'exit-code'.
Sep 06 03:46:02 gitops-control-plane systemd[1]: kubelet.service: Scheduled restart job, restart counter is at 53.
Sep 06 03:46:02 gitops-control-plane systemd[1]: Starting kubelet.service - kubelet: The Kubernetes Node Agent...
Sep 06 03:46:02 gitops-control-plane systemd[1]: Started kubelet.service - kubelet: The Kubernetes Node Agent.
Sep 06 03:46:02 gitops-control-plane kubelet[1342]: E0906 03:46:02.109909    1342 run.go:72] "command failed" err="failed to validate kubelet configuration, error: kubelet is configured to not run on a host using cgroup v1. cgroup v1 support is unsupported and will be removed in a future release, path: &TypeMeta{Kind:,APIVersion:,}"
Sep 06 03:46:02 gitops-control-plane systemd[1]: kubelet.service: Main process exited, code=exited, status=1/FAILURE
Sep 06 03:46:02 gitops-control-plane systemd[1]: kubelet.service: Failed with result 'exit-code'.
Sep 06 03:46:03 gitops-control-plane systemd[1]: kubelet.service: Scheduled restart job, restart counter is at 54.
Sep 06 03:46:03 gitops-control-plane systemd[1]: Starting kubelet.service - kubelet: The Kubernetes Node Agent...
Sep 06 03:46:03 gitops-control-plane systemd[1]: Started kubelet.service - kubelet: The Kubernetes Node Agent.
Sep 06 03:46:03 gitops-control-plane kubelet[1361]: E0906 03:46:03.365639    1361 run.go:72] "command failed" err="failed to validate kubelet configuration, error: kubelet is configured to not run on a host using cgroup v1. cgroup v1 support is unsupported and will be removed in a future release, path: &TypeMeta{Kind:,APIVersion:,}"
Sep 06 03:46:03 gitops-control-plane systemd[1]: kubelet.service: Main process exited, code=exited, status=1/FAILURE
Sep 06 03:46:03 gitops-control-plane systemd[1]: kubelet.service: Failed with result 'exit-code'.
Sep 06 03:46:04 gitops-control-plane systemd[1]: kubelet.service: Scheduled restart job, restart counter is at 55.
Sep 06 03:46:04 gitops-control-plane systemd[1]: Starting kubelet.service - kubelet: The Kubernetes Node Agent...
Sep 06 03:46:04 gitops-control-plane systemd[1]: Started kubelet.service - kubelet: The Kubernetes Node Agent.
Sep 06 03:46:04 gitops-control-plane kubelet[1381]: E0906 03:46:04.635944    1381 run.go:72] "command failed" err="failed to validate kubelet configuration, error: kubelet is configured to not run on a host using cgroup v1. cgroup v1 support is unsupported and will be removed in a future release, path: &TypeMeta{Kind:,APIVersion:,}"
Sep 06 03:46:04 gitops-control-plane systemd[1]: kubelet.service: Main process exited, code=exited, status=1/FAILURE
Sep 06 03:46:04 gitops-control-plane systemd[1]: kubelet.service: Failed with result 'exit-code'.
Sep 06 03:46:05 gitops-control-plane systemd[1]: kubelet.service: Scheduled restart job, restart counter is at 56.
Sep 06 03:46:05 gitops-control-plane systemd[1]: Starting kubelet.service - kubelet: The Kubernetes Node Agent...
Sep 06 03:46:05 gitops-control-plane systemd[1]: Started kubelet.service - kubelet: The Kubernetes Node Agent.
Sep 06 03:46:05 gitops-control-plane kubelet[1400]: E0906 03:46:05.859741    1400 run.go:72] "command failed" err="failed to validate kubelet configuration, error: kubelet is configured to not run on a host using cgroup v1. cgroup v1 support is unsupported and will be removed in a future release, path: &TypeMeta{Kind:,APIVersion:,}"
Sep 06 03:46:05 gitops-control-plane systemd[1]: kubelet.service: Main process exited, code=exited, status=1/FAILURE
Sep 06 03:46:05 gitops-control-plane systemd[1]: kubelet.service: Failed with result 'exit-code'.
Sep 06 03:46:07 gitops-control-plane systemd[1]: kubelet.service: Scheduled restart job, restart counter is at 57.
Sep 06 03:46:07 gitops-control-plane systemd[1]: Starting kubelet.service - kubelet: The Kubernetes Node Agent...
Sep 06 03:46:07 gitops-control-plane systemd[1]: Started kubelet.service - kubelet: The Kubernetes Node Agent.
Sep 06 03:46:07 gitops-control-plane kubelet[1420]: E0906 03:46:07.151142    1420 run.go:72] "command failed" err="failed to validate kubelet configuration, error: kubelet is configured to not run on a host using cgroup v1. cgroup v1 support is unsupported and will be removed in a future release, path: &TypeMeta{Kind:,APIVersion:,}"
Sep 06 03:46:07 gitops-control-plane systemd[1]: kubelet.service: Main process exited, code=exited, status=1/FAILURE
Sep 06 03:46:07 gitops-control-plane systemd[1]: kubelet.service: Failed with result 'exit-code'.
Sep 06 03:46:08 gitops-control-plane systemd[1]: kubelet.service: Scheduled restart job, restart counter is at 58.
Sep 06 03:46:08 gitops-control-plane systemd[1]: Starting kubelet.service - kubelet: The Kubernetes Node Agent...
Sep 06 03:46:08 gitops-control-plane systemd[1]: Started kubelet.service - kubelet: The Kubernetes Node Agent.
Sep 06 03:46:08 gitops-control-plane kubelet[1439]: E0906 03:46:08.379944    1439 run.go:72] "command failed" err="failed to validate kubelet configuration, error: kubelet is configured to not run on a host using cgroup v1. cgroup v1 support is unsupported and will be removed in a future release, path: &TypeMeta{Kind:,APIVersion:,}"
Sep 06 03:46:08 gitops-control-plane systemd[1]: kubelet.service: Main process exited, code=exited, status=1/FAILURE
Sep 06 03:46:08 gitops-control-plane systemd[1]: kubelet.service: Failed with result 'exit-code'.
Sep 06 03:46:09 gitops-control-plane systemd[1]: kubelet.service: Scheduled restart job, restart counter is at 59.
Sep 06 03:46:09 gitops-control-plane systemd[1]: Starting kubelet.service - kubelet: The Kubernetes Node Agent...
Sep 06 03:46:09 gitops-control-plane systemd[1]: Started kubelet.service - kubelet: The Kubernetes Node Agent.
Sep 06 03:46:09 gitops-control-plane kubelet[1457]: E0906 03:46:09.616396    1457 run.go:72] "command failed" err="failed to validate kubelet configuration, error: kubelet is configured to not run on a host using cgroup v1. cgroup v1 support is unsupported and will be removed in a future release, path: &TypeMeta{Kind:,APIVersion:,}"
Sep 06 03:46:09 gitops-control-plane systemd[1]: kubelet.service: Main process exited, code=exited, status=1/FAILURE
Sep 06 03:46:09 gitops-control-plane systemd[1]: kubelet.service: Failed with result 'exit-code'.
Sep 06 03:46:10 gitops-control-plane systemd[1]: kubelet.service: Scheduled restart job, restart counter is at 60.
Sep 06 03:46:10 gitops-control-plane systemd[1]: Starting kubelet.service - kubelet: The Kubernetes Node Agent...
Sep 06 03:46:10 gitops-control-plane systemd[1]: Started kubelet.service - kubelet: The Kubernetes Node Agent.
Sep 06 03:46:10 gitops-control-plane kubelet[1476]: E0906 03:46:10.878535    1476 run.go:72] "command failed" err="failed to validate kubelet configuration, error: kubelet is configured to not run on a host using cgroup v1. cgroup v1 support is unsupported and will be removed in a future release, path: &TypeMeta{Kind:,APIVersion:,}"
Sep 06 03:46:10 gitops-control-plane systemd[1]: kubelet.service: Main process exited, code=exited, status=1/FAILURE
Sep 06 03:46:10 gitops-control-plane systemd[1]: kubelet.service: Failed with result 'exit-code'.
Sep 06 03:46:12 gitops-control-plane systemd[1]: kubelet.service: Scheduled restart job, restart counter is at 61.
Sep 06 03:46:12 gitops-control-plane systemd[1]: Starting kubelet.service - kubelet: The Kubernetes Node Agent...
Sep 06 03:46:12 gitops-control-plane systemd[1]: Started kubelet.service - kubelet: The Kubernetes Node Agent.
Sep 06 03:46:12 gitops-control-plane kubelet[1497]: E0906 03:46:12.138544    1497 run.go:72] "command failed" err="failed to validate kubelet configuration, error: kubelet is configured to not run on a host using cgroup v1. cgroup v1 support is unsupported and will be removed in a future release, path: &TypeMeta{Kind:,APIVersion:,}"
Sep 06 03:46:12 gitops-control-plane systemd[1]: kubelet.service: Main process exited, code=exited, status=1/FAILURE
Sep 06 03:46:12 gitops-control-plane systemd[1]: kubelet.service: Failed with result 'exit-code'.
Sep 06 03:46:13 gitops-control-plane systemd[1]: kubelet.service: Scheduled restart job, restart counter is at 62.
Sep 06 03:46:13 gitops-control-plane systemd[1]: Starting kubelet.service - kubelet: The Kubernetes Node Agent...
Sep 06 03:46:13 gitops-control-plane systemd[1]: Started kubelet.service - kubelet: The Kubernetes Node Agent.
Sep 06 03:46:13 gitops-control-plane kubelet[1515]: E0906 03:46:13.386103    1515 run.go:72] "command failed" err="failed to validate kubelet configuration, error: kubelet is configured to not run on a host using cgroup v1. cgroup v1 support is unsupported and will be removed in a future release, path: &TypeMeta{Kind:,APIVersion:,}"
Sep 06 03:46:13 gitops-control-plane systemd[1]: kubelet.service: Main process exited, code=exited, status=1/FAILURE
Sep 06 03:46:13 gitops-control-plane systemd[1]: kubelet.service: Failed with result 'exit-code'.
Sep 06 03:46:14 gitops-control-plane systemd[1]: kubelet.service: Scheduled restart job, restart counter is at 63.
Sep 06 03:46:14 gitops-control-plane systemd[1]: Starting kubelet.service - kubelet: The Kubernetes Node Agent...
Sep 06 03:46:14 gitops-control-plane systemd[1]: Started kubelet.service - kubelet: The Kubernetes Node Agent.
Sep 06 03:46:14 gitops-control-plane kubelet[1535]: E0906 03:46:14.610194    1535 run.go:72] "command failed" err="failed to validate kubelet configuration, error: kubelet is configured to not run on a host using cgroup v1. cgroup v1 support is unsupported and will be removed in a future release, path: &TypeMeta{Kind:,APIVersion:,}"
Sep 06 03:46:14 gitops-control-plane systemd[1]: kubelet.service: Main process exited, code=exited, status=1/FAILURE
Sep 06 03:46:14 gitops-control-plane systemd[1]: kubelet.service: Failed with result 'exit-code'.
Sep 06 03:46:15 gitops-control-plane systemd[1]: kubelet.service: Scheduled restart job, restart counter is at 64.
Sep 06 03:46:15 gitops-control-plane systemd[1]: Starting kubelet.service - kubelet: The Kubernetes Node Agent...
Sep 06 03:46:15 gitops-control-plane systemd[1]: Started kubelet.service - kubelet: The Kubernetes Node Agent.
Sep 06 03:46:15 gitops-control-plane kubelet[1554]: E0906 03:46:15.865731    1554 run.go:72] "command failed" err="failed to validate kubelet configuration, error: kubelet is configured to not run on a host using cgroup v1. cgroup v1 support is unsupported and will be removed in a future release, path: &TypeMeta{Kind:,APIVersion:,}"
Sep 06 03:46:15 gitops-control-plane systemd[1]: kubelet.service: Main process exited, code=exited, status=1/FAILURE
Sep 06 03:46:15 gitops-control-plane systemd[1]: kubelet.service: Failed with result 'exit-code'.
Sep 06 03:46:17 gitops-control-plane systemd[1]: kubelet.service: Scheduled restart job, restart counter is at 65.
Sep 06 03:46:17 gitops-control-plane systemd[1]: Starting kubelet.service - kubelet: The Kubernetes Node Agent...
Sep 06 03:46:17 gitops-control-plane systemd[1]: Started kubelet.service - kubelet: The Kubernetes Node Agent.
Sep 06 03:46:17 gitops-control-plane kubelet[1573]: E0906 03:46:17.115298    1573 run.go:72] "command failed" err="failed to validate kubelet configuration, error: kubelet is configured to not run on a host using cgroup v1. cgroup v1 support is unsupported and will be removed in a future release, path: &TypeMeta{Kind:,APIVersion:,}"
Sep 06 03:46:17 gitops-control-plane systemd[1]: kubelet.service: Main process exited, code=exited, status=1/FAILURE
Sep 06 03:46:17 gitops-control-plane systemd[1]: kubelet.service: Failed with result 'exit-code'.
Sep 06 03:46:18 gitops-control-plane systemd[1]: kubelet.service: Scheduled restart job, restart counter is at 66.
Sep 06 03:46:18 gitops-control-plane systemd[1]: Starting kubelet.service - kubelet: The Kubernetes Node Agent...
Sep 06 03:46:18 gitops-control-plane systemd[1]: Started kubelet.service - kubelet: The Kubernetes Node Agent.
Sep 06 03:46:18 gitops-control-plane kubelet[1594]: E0906 03:46:18.361559    1594 run.go:72] "command failed" err="failed to validate kubelet configuration, error: kubelet is configured to not run on a host using cgroup v1. cgroup v1 support is unsupported and will be removed in a future release, path: &TypeMeta{Kind:,APIVersion:,}"
Sep 06 03:46:18 gitops-control-plane systemd[1]: kubelet.service: Main process exited, code=exited, status=1/FAILURE
Sep 06 03:46:18 gitops-control-plane systemd[1]: kubelet.service: Failed with result 'exit-code'.
Sep 06 03:46:19 gitops-control-plane systemd[1]: kubelet.service: Scheduled restart job, restart counter is at 67.
Sep 06 03:46:19 gitops-control-plane systemd[1]: Starting kubelet.service - kubelet: The Kubernetes Node Agent...
Sep 06 03:46:19 gitops-control-plane systemd[1]: Started kubelet.service - kubelet: The Kubernetes Node Agent.
Sep 06 03:46:19 gitops-control-plane kubelet[1612]: E0906 03:46:19.625484    1612 run.go:72] "command failed" err="failed to validate kubelet configuration, error: kubelet is configured to not run on a host using cgroup v1. cgroup v1 support is unsupported and will be removed in a future release, path: &TypeMeta{Kind:,APIVersion:,}"
Sep 06 03:46:19 gitops-control-plane systemd[1]: kubelet.service: Main process exited, code=exited, status=1/FAILURE
Sep 06 03:46:19 gitops-control-plane systemd[1]: kubelet.service: Failed with result 'exit-code'.
Sep 06 03:46:20 gitops-control-plane systemd[1]: kubelet.service: Scheduled restart job, restart counter is at 68.
Sep 06 03:46:20 gitops-control-plane systemd[1]: Starting kubelet.service - kubelet: The Kubernetes Node Agent...
Sep 06 03:46:20 gitops-control-plane systemd[1]: Started kubelet.service - kubelet: The Kubernetes Node Agent.
Sep 06 03:46:20 gitops-control-plane kubelet[1633]: E0906 03:46:20.862052    1633 run.go:72] "command failed" err="failed to validate kubelet configuration, error: kubelet is configured to not run on a host using cgroup v1. cgroup v1 support is unsupported and will be removed in a future release, path: &TypeMeta{Kind:,APIVersion:,}"
Sep 06 03:46:20 gitops-control-plane systemd[1]: kubelet.service: Main process exited, code=exited, status=1/FAILURE
Sep 06 03:46:20 gitops-control-plane systemd[1]: kubelet.service: Failed with result 'exit-code'.
Sep 06 03:46:22 gitops-control-plane systemd[1]: kubelet.service: Scheduled restart job, restart counter is at 69.
Sep 06 03:46:22 gitops-control-plane systemd[1]: Starting kubelet.service - kubelet: The Kubernetes Node Agent...
Sep 06 03:46:22 gitops-control-plane systemd[1]: Started kubelet.service - kubelet: The Kubernetes Node Agent.
Sep 06 03:46:22 gitops-control-plane kubelet[1651]: E0906 03:46:22.128206    1651 run.go:72] "command failed" err="failed to validate kubelet configuration, error: kubelet is configured to not run on a host using cgroup v1. cgroup v1 support is unsupported and will be removed in a future release, path: &TypeMeta{Kind:,APIVersion:,}"
Sep 06 03:46:22 gitops-control-plane systemd[1]: kubelet.service: Main process exited, code=exited, status=1/FAILURE
Sep 06 03:46:22 gitops-control-plane systemd[1]: kubelet.service: Failed with result 'exit-code'.
Sep 06 03:46:23 gitops-control-plane systemd[1]: kubelet.service: Scheduled restart job, restart counter is at 70.
Sep 06 03:46:23 gitops-control-plane systemd[1]: Starting kubelet.service - kubelet: The Kubernetes Node Agent...
Sep 06 03:46:23 gitops-control-plane systemd[1]: Started kubelet.service - kubelet: The Kubernetes Node Agent.
Sep 06 03:46:23 gitops-control-plane kubelet[1671]: E0906 03:46:23.374404    1671 run.go:72] "command failed" err="failed to validate kubelet configuration, error: kubelet is configured to not run on a host using cgroup v1. cgroup v1 support is unsupported and will be removed in a future release, path: &TypeMeta{Kind:,APIVersion:,}"
Sep 06 03:46:23 gitops-control-plane systemd[1]: kubelet.service: Main process exited, code=exited, status=1/FAILURE
Sep 06 03:46:23 gitops-control-plane systemd[1]: kubelet.service: Failed with result 'exit-code'.
Sep 06 03:46:24 gitops-control-plane systemd[1]: kubelet.service: Scheduled restart job, restart counter is at 71.
Sep 06 03:46:24 gitops-control-plane systemd[1]: Starting kubelet.service - kubelet: The Kubernetes Node Agent...
Sep 06 03:46:24 gitops-control-plane systemd[1]: Started kubelet.service - kubelet: The Kubernetes Node Agent.
Sep 06 03:46:24 gitops-control-plane kubelet[1691]: E0906 03:46:24.644976    1691 run.go:72] "command failed" err="failed to validate kubelet configuration, error: kubelet is configured to not run on a host using cgroup v1. cgroup v1 support is unsupported and will be removed in a future release, path: &TypeMeta{Kind:,APIVersion:,}"
Sep 06 03:46:24 gitops-control-plane systemd[1]: kubelet.service: Main process exited, code=exited, status=1/FAILURE
Sep 06 03:46:24 gitops-control-plane systemd[1]: kubelet.service: Failed with result 'exit-code'.
Sep 06 03:46:25 gitops-control-plane systemd[1]: kubelet.service: Scheduled restart job, restart counter is at 72.
Sep 06 03:46:25 gitops-control-plane systemd[1]: Starting kubelet.service - kubelet: The Kubernetes Node Agent...
Sep 06 03:46:25 gitops-control-plane systemd[1]: Started kubelet.service - kubelet: The Kubernetes Node Agent.
Sep 06 03:46:25 gitops-control-plane kubelet[1710]: E0906 03:46:25.857714    1710 run.go:72] "command failed" err="failed to validate kubelet configuration, error: kubelet is configured to not run on a host using cgroup v1. cgroup v1 support is unsupported and will be removed in a future release, path: &TypeMeta{Kind:,APIVersion:,}"
Sep 06 03:46:25 gitops-control-plane systemd[1]: kubelet.service: Main process exited, code=exited, status=1/FAILURE
Sep 06 03:46:25 gitops-control-plane systemd[1]: kubelet.service: Failed with result 'exit-code'.
Sep 06 03:46:27 gitops-control-plane systemd[1]: kubelet.service: Scheduled restart job, restart counter is at 73.
Sep 06 03:46:27 gitops-control-plane systemd[1]: Starting kubelet.service - kubelet: The Kubernetes Node Agent...
Sep 06 03:46:27 gitops-control-plane systemd[1]: Started kubelet.service - kubelet: The Kubernetes Node Agent.
Sep 06 03:46:27 gitops-control-plane kubelet[1729]: E0906 03:46:27.129415    1729 run.go:72] "command failed" err="failed to validate kubelet configuration, error: kubelet is configured to not run on a host using cgroup v1. cgroup v1 support is unsupported and will be removed in a future release, path: &TypeMeta{Kind:,APIVersion:,}"
Sep 06 03:46:27 gitops-control-plane systemd[1]: kubelet.service: Main process exited, code=exited, status=1/FAILURE
Sep 06 03:46:27 gitops-control-plane systemd[1]: kubelet.service: Failed with result 'exit-code'.
Sep 06 03:46:28 gitops-control-plane systemd[1]: kubelet.service: Scheduled restart job, restart counter is at 74.
Sep 06 03:46:28 gitops-control-plane systemd[1]: Starting kubelet.service - kubelet: The Kubernetes Node Agent...
Sep 06 03:46:28 gitops-control-plane systemd[1]: Started kubelet.service - kubelet: The Kubernetes Node Agent.
Sep 06 03:46:28 gitops-control-plane kubelet[1748]: E0906 03:46:28.363389    1748 run.go:72] "command failed" err="failed to validate kubelet configuration, error: kubelet is configured to not run on a host using cgroup v1. cgroup v1 support is unsupported and will be removed in a future release, path: &TypeMeta{Kind:,APIVersion:,}"
Sep 06 03:46:28 gitops-control-plane systemd[1]: kubelet.service: Main process exited, code=exited, status=1/FAILURE
Sep 06 03:46:28 gitops-control-plane systemd[1]: kubelet.service: Failed with result 'exit-code'.
Sep 06 03:46:29 gitops-control-plane systemd[1]: kubelet.service: Scheduled restart job, restart counter is at 75.
Sep 06 03:46:29 gitops-control-plane systemd[1]: Starting kubelet.service - kubelet: The Kubernetes Node Agent...
Sep 06 03:46:29 gitops-control-plane systemd[1]: Started kubelet.service - kubelet: The Kubernetes Node Agent.
Sep 06 03:46:29 gitops-control-plane kubelet[1767]: E0906 03:46:29.630038    1767 run.go:72] "command failed" err="failed to validate kubelet configuration, error: kubelet is configured to not run on a host using cgroup v1. cgroup v1 support is unsupported and will be removed in a future release, path: &TypeMeta{Kind:,APIVersion:,}"
Sep 06 03:46:29 gitops-control-plane systemd[1]: kubelet.service: Main process exited, code=exited, status=1/FAILURE
Sep 06 03:46:29 gitops-control-plane systemd[1]: kubelet.service: Failed with result 'exit-code'.
Sep 06 03:46:30 gitops-control-plane systemd[1]: kubelet.service: Scheduled restart job, restart counter is at 76.
Sep 06 03:46:30 gitops-control-plane systemd[1]: Starting kubelet.service - kubelet: The Kubernetes Node Agent...
Sep 06 03:46:30 gitops-control-plane systemd[1]: Started kubelet.service - kubelet: The Kubernetes Node Agent.
Sep 06 03:46:30 gitops-control-plane kubelet[1785]: E0906 03:46:30.859555    1785 run.go:72] "command failed" err="failed to validate kubelet configuration, error: kubelet is configured to not run on a host using cgroup v1. cgroup v1 support is unsupported and will be removed in a future release, path: &TypeMeta{Kind:,APIVersion:,}"
Sep 06 03:46:30 gitops-control-plane systemd[1]: kubelet.service: Main process exited, code=exited, status=1/FAILURE
Sep 06 03:46:30 gitops-control-plane systemd[1]: kubelet.service: Failed with result 'exit-code'.
Sep 06 03:46:32 gitops-control-plane systemd[1]: kubelet.service: Scheduled restart job, restart counter is at 77.
Sep 06 03:46:32 gitops-control-plane systemd[1]: Starting kubelet.service - kubelet: The Kubernetes Node Agent...
Sep 06 03:46:32 gitops-control-plane systemd[1]: Started kubelet.service - kubelet: The Kubernetes Node Agent.
Sep 06 03:46:32 gitops-control-plane kubelet[1804]: E0906 03:46:32.129196    1804 run.go:72] "command failed" err="failed to validate kubelet configuration, error: kubelet is configured to not run on a host using cgroup v1. cgroup v1 support is unsupported and will be removed in a future release, path: &TypeMeta{Kind:,APIVersion:,}"
Sep 06 03:46:32 gitops-control-plane systemd[1]: kubelet.service: Main process exited, code=exited, status=1/FAILURE
Sep 06 03:46:32 gitops-control-plane systemd[1]: kubelet.service: Failed with result 'exit-code'.
Sep 06 03:46:33 gitops-control-plane systemd[1]: kubelet.service: Scheduled restart job, restart counter is at 78.
Sep 06 03:46:33 gitops-control-plane systemd[1]: Starting kubelet.service - kubelet: The Kubernetes Node Agent...
Sep 06 03:46:33 gitops-control-plane systemd[1]: Started kubelet.service - kubelet: The Kubernetes Node Agent.
Sep 06 03:46:33 gitops-control-plane kubelet[1823]: E0906 03:46:33.363577    1823 run.go:72] "command failed" err="failed to validate kubelet configuration, error: kubelet is configured to not run on a host using cgroup v1. cgroup v1 support is unsupported and will be removed in a future release, path: &TypeMeta{Kind:,APIVersion:,}"
Sep 06 03:46:33 gitops-control-plane systemd[1]: kubelet.service: Main process exited, code=exited, status=1/FAILURE
Sep 06 03:46:33 gitops-control-plane systemd[1]: kubelet.service: Failed with result 'exit-code'.
Sep 06 03:46:34 gitops-control-plane systemd[1]: kubelet.service: Scheduled restart job, restart counter is at 79.
Sep 06 03:46:34 gitops-control-plane systemd[1]: Starting kubelet.service - kubelet: The Kubernetes Node Agent...
Sep 06 03:46:34 gitops-control-plane systemd[1]: Started kubelet.service - kubelet: The Kubernetes Node Agent.
Sep 06 03:46:34 gitops-control-plane kubelet[1842]: E0906 03:46:34.620807    1842 run.go:72] "command failed" err="failed to validate kubelet configuration, error: kubelet is configured to not run on a host using cgroup v1. cgroup v1 support is unsupported and will be removed in a future release, path: &TypeMeta{Kind:,APIVersion:,}"
Sep 06 03:46:34 gitops-control-plane systemd[1]: kubelet.service: Main process exited, code=exited, status=1/FAILURE
Sep 06 03:46:34 gitops-control-plane systemd[1]: kubelet.service: Failed with result 'exit-code'.
Sep 06 03:46:35 gitops-control-plane systemd[1]: kubelet.service: Scheduled restart job, restart counter is at 80.
Sep 06 03:46:35 gitops-control-plane systemd[1]: Starting kubelet.service - kubelet: The Kubernetes Node Agent...
Sep 06 03:46:35 gitops-control-plane systemd[1]: Started kubelet.service - kubelet: The Kubernetes Node Agent.
Sep 06 03:46:35 gitops-control-plane kubelet[1861]: E0906 03:46:35.899989    1861 run.go:72] "command failed" err="failed to validate kubelet configuration, error: kubelet is configured to not run on a host using cgroup v1. cgroup v1 support is unsupported and will be removed in a future release, path: &TypeMeta{Kind:,APIVersion:,}"
Sep 06 03:46:35 gitops-control-plane systemd[1]: kubelet.service: Main process exited, code=exited, status=1/FAILURE
Sep 06 03:46:35 gitops-control-plane systemd[1]: kubelet.service: Failed with result 'exit-code'.
Sep 06 03:46:37 gitops-control-plane systemd[1]: kubelet.service: Scheduled restart job, restart counter is at 81.
Sep 06 03:46:37 gitops-control-plane systemd[1]: Starting kubelet.service - kubelet: The Kubernetes Node Agent...
Sep 06 03:46:37 gitops-control-plane systemd[1]: Started kubelet.service - kubelet: The Kubernetes Node Agent.
Sep 06 03:46:37 gitops-control-plane kubelet[1882]: E0906 03:46:37.111860    1882 run.go:72] "command failed" err="failed to validate kubelet configuration, error: kubelet is configured to not run on a host using cgroup v1. cgroup v1 support is unsupported and will be removed in a future release, path: &TypeMeta{Kind:,APIVersion:,}"
Sep 06 03:46:37 gitops-control-plane systemd[1]: kubelet.service: Main process exited, code=exited, status=1/FAILURE
Sep 06 03:46:37 gitops-control-plane systemd[1]: kubelet.service: Failed with result 'exit-code'.
Sep 06 03:46:38 gitops-control-plane systemd[1]: kubelet.service: Scheduled restart job, restart counter is at 82.
Sep 06 03:46:38 gitops-control-plane systemd[1]: Starting kubelet.service - kubelet: The Kubernetes Node Agent...
Sep 06 03:46:38 gitops-control-plane systemd[1]: Started kubelet.service - kubelet: The Kubernetes Node Agent.
Sep 06 03:46:38 gitops-control-plane kubelet[1899]: E0906 03:46:38.358100    1899 run.go:72] "command failed" err="failed to validate kubelet configuration, error: kubelet is configured to not run on a host using cgroup v1. cgroup v1 support is unsupported and will be removed in a future release, path: &TypeMeta{Kind:,APIVersion:,}"
Sep 06 03:46:38 gitops-control-plane systemd[1]: kubelet.service: Main process exited, code=exited, status=1/FAILURE
Sep 06 03:46:38 gitops-control-plane systemd[1]: kubelet.service: Failed with result 'exit-code'.
Sep 06 03:46:39 gitops-control-plane systemd[1]: kubelet.service: Scheduled restart job, restart counter is at 83.
Sep 06 03:46:39 gitops-control-plane systemd[1]: Starting kubelet.service - kubelet: The Kubernetes Node Agent...
Sep 06 03:46:39 gitops-control-plane systemd[1]: Started kubelet.service - kubelet: The Kubernetes Node Agent.
Sep 06 03:46:39 gitops-control-plane kubelet[1918]: E0906 03:46:39.613249    1918 run.go:72] "command failed" err="failed to validate kubelet configuration, error: kubelet is configured to not run on a host using cgroup v1. cgroup v1 support is unsupported and will be removed in a future release, path: &TypeMeta{Kind:,APIVersion:,}"
Sep 06 03:46:39 gitops-control-plane systemd[1]: kubelet.service: Main process exited, code=exited, status=1/FAILURE
Sep 06 03:46:39 gitops-control-plane systemd[1]: kubelet.service: Failed with result 'exit-code'.
Sep 06 03:46:40 gitops-control-plane systemd[1]: kubelet.service: Scheduled restart job, restart counter is at 84.
Sep 06 03:46:40 gitops-control-plane systemd[1]: Starting kubelet.service - kubelet: The Kubernetes Node Agent...
Sep 06 03:46:40 gitops-control-plane systemd[1]: Started kubelet.service - kubelet: The Kubernetes Node Agent.
Sep 06 03:46:40 gitops-control-plane kubelet[1938]: E0906 03:46:40.872181    1938 run.go:72] "command failed" err="failed to validate kubelet configuration, error: kubelet is configured to not run on a host using cgroup v1. cgroup v1 support is unsupported and will be removed in a future release, path: &TypeMeta{Kind:,APIVersion:,}"
Sep 06 03:46:40 gitops-control-plane systemd[1]: kubelet.service: Main process exited, code=exited, status=1/FAILURE
Sep 06 03:46:40 gitops-control-plane systemd[1]: kubelet.service: Failed with result 'exit-code'.
Sep 06 03:46:42 gitops-control-plane systemd[1]: kubelet.service: Scheduled restart job, restart counter is at 85.
Sep 06 03:46:42 gitops-control-plane systemd[1]: Starting kubelet.service - kubelet: The Kubernetes Node Agent...
Sep 06 03:46:42 gitops-control-plane systemd[1]: Started kubelet.service - kubelet: The Kubernetes Node Agent.
Sep 06 03:46:42 gitops-control-plane kubelet[1956]: E0906 03:46:42.142867    1956 run.go:72] "command failed" err="failed to validate kubelet configuration, error: kubelet is configured to not run on a host using cgroup v1. cgroup v1 support is unsupported and will be removed in a future release, path: &TypeMeta{Kind:,APIVersion:,}"
Sep 06 03:46:42 gitops-control-plane systemd[1]: kubelet.service: Main process exited, code=exited, status=1/FAILURE
Sep 06 03:46:42 gitops-control-plane systemd[1]: kubelet.service: Failed with result 'exit-code'.
Sep 06 03:46:43 gitops-control-plane systemd[1]: kubelet.service: Scheduled restart job, restart counter is at 86.
Sep 06 03:46:43 gitops-control-plane systemd[1]: Starting kubelet.service - kubelet: The Kubernetes Node Agent...
Sep 06 03:46:43 gitops-control-plane systemd[1]: Started kubelet.service - kubelet: The Kubernetes Node Agent.
Sep 06 03:46:43 gitops-control-plane kubelet[1975]: E0906 03:46:43.375627    1975 run.go:72] "command failed" err="failed to validate kubelet configuration, error: kubelet is configured to not run on a host using cgroup v1. cgroup v1 support is unsupported and will be removed in a future release, path: &TypeMeta{Kind:,APIVersion:,}"
Sep 06 03:46:43 gitops-control-plane systemd[1]: kubelet.service: Main process exited, code=exited, status=1/FAILURE
Sep 06 03:46:43 gitops-control-plane systemd[1]: kubelet.service: Failed with result 'exit-code'.
Sep 06 03:46:44 gitops-control-plane systemd[1]: kubelet.service: Scheduled restart job, restart counter is at 87.
Sep 06 03:46:44 gitops-control-plane systemd[1]: Starting kubelet.service - kubelet: The Kubernetes Node Agent...
Sep 06 03:46:44 gitops-control-plane systemd[1]: Started kubelet.service - kubelet: The Kubernetes Node Agent.
Sep 06 03:46:44 gitops-control-plane kubelet[1993]: E0906 03:46:44.623902    1993 run.go:72] "command failed" err="failed to validate kubelet configuration, error: kubelet is configured to not run on a host using cgroup v1. cgroup v1 support is unsupported and will be removed in a future release, path: &TypeMeta{Kind:,APIVersion:,}"
Sep 06 03:46:44 gitops-control-plane systemd[1]: kubelet.service: Main process exited, code=exited, status=1/FAILURE
Sep 06 03:46:44 gitops-control-plane systemd[1]: kubelet.service: Failed with result 'exit-code'.
Sep 06 03:46:45 gitops-control-plane systemd[1]: kubelet.service: Scheduled restart job, restart counter is at 88.
Sep 06 03:46:45 gitops-control-plane systemd[1]: Starting kubelet.service - kubelet: The Kubernetes Node Agent...
Sep 06 03:46:45 gitops-control-plane systemd[1]: Started kubelet.service - kubelet: The Kubernetes Node Agent.
Sep 06 03:46:45 gitops-control-plane kubelet[2013]: E0906 03:46:45.884243    2013 run.go:72] "command failed" err="failed to validate kubelet configuration, error: kubelet is configured to not run on a host using cgroup v1. cgroup v1 support is unsupported and will be removed in a future release, path: &TypeMeta{Kind:,APIVersion:,}"
Sep 06 03:46:45 gitops-control-plane systemd[1]: kubelet.service: Main process exited, code=exited, status=1/FAILURE
Sep 06 03:46:45 gitops-control-plane systemd[1]: kubelet.service: Failed with result 'exit-code'.
Sep 06 03:46:47 gitops-control-plane systemd[1]: kubelet.service: Scheduled restart job, restart counter is at 89.
Sep 06 03:46:47 gitops-control-plane systemd[1]: Starting kubelet.service - kubelet: The Kubernetes Node Agent...
Sep 06 03:46:47 gitops-control-plane systemd[1]: Started kubelet.service - kubelet: The Kubernetes Node Agent.
Sep 06 03:46:47 gitops-control-plane kubelet[2032]: E0906 03:46:47.118802    2032 run.go:72] "command failed" err="failed to validate kubelet configuration, error: kubelet is configured to not run on a host using cgroup v1. cgroup v1 support is unsupported and will be removed in a future release, path: &TypeMeta{Kind:,APIVersion:,}"
Sep 06 03:46:47 gitops-control-plane systemd[1]: kubelet.service: Main process exited, code=exited, status=1/FAILURE
Sep 06 03:46:47 gitops-control-plane systemd[1]: kubelet.service: Failed with result 'exit-code'.
Sep 06 03:46:48 gitops-control-plane systemd[1]: kubelet.service: Scheduled restart job, restart counter is at 90.
Sep 06 03:46:48 gitops-control-plane systemd[1]: Starting kubelet.service - kubelet: The Kubernetes Node Agent...
Sep 06 03:46:48 gitops-control-plane systemd[1]: Started kubelet.service - kubelet: The Kubernetes Node Agent.
Sep 06 03:46:48 gitops-control-plane kubelet[2050]: E0906 03:46:48.370564    2050 run.go:72] "command failed" err="failed to validate kubelet configuration, error: kubelet is configured to not run on a host using cgroup v1. cgroup v1 support is unsupported and will be removed in a future release, path: &TypeMeta{Kind:,APIVersion:,}"
Sep 06 03:46:48 gitops-control-plane systemd[1]: kubelet.service: Main process exited, code=exited, status=1/FAILURE
Sep 06 03:46:48 gitops-control-plane systemd[1]: kubelet.service: Failed with result 'exit-code'.
Sep 06 03:46:49 gitops-control-plane systemd[1]: kubelet.service: Scheduled restart job, restart counter is at 91.
Sep 06 03:46:49 gitops-control-plane systemd[1]: Starting kubelet.service - kubelet: The Kubernetes Node Agent...
Sep 06 03:46:49 gitops-control-plane systemd[1]: Started kubelet.service - kubelet: The Kubernetes Node Agent.
Sep 06 03:46:49 gitops-control-plane kubelet[2069]: E0906 03:46:49.619137    2069 run.go:72] "command failed" err="failed to validate kubelet configuration, error: kubelet is configured to not run on a host using cgroup v1. cgroup v1 support is unsupported and will be removed in a future release, path: &TypeMeta{Kind:,APIVersion:,}"
Sep 06 03:46:49 gitops-control-plane systemd[1]: kubelet.service: Main process exited, code=exited, status=1/FAILURE
Sep 06 03:46:49 gitops-control-plane systemd[1]: kubelet.service: Failed with result 'exit-code'.
Sep 06 03:46:50 gitops-control-plane systemd[1]: kubelet.service: Scheduled restart job, restart counter is at 92.
Sep 06 03:46:50 gitops-control-plane systemd[1]: Starting kubelet.service - kubelet: The Kubernetes Node Agent...
Sep 06 03:46:50 gitops-control-plane systemd[1]: Started kubelet.service - kubelet: The Kubernetes Node Agent.
Sep 06 03:46:50 gitops-control-plane kubelet[2088]: E0906 03:46:50.860584    2088 run.go:72] "command failed" err="failed to validate kubelet configuration, error: kubelet is configured to not run on a host using cgroup v1. cgroup v1 support is unsupported and will be removed in a future release, path: &TypeMeta{Kind:,APIVersion:,}"
Sep 06 03:46:50 gitops-control-plane systemd[1]: kubelet.service: Main process exited, code=exited, status=1/FAILURE
Sep 06 03:46:50 gitops-control-plane systemd[1]: kubelet.service: Failed with result 'exit-code'.
Sep 06 03:46:52 gitops-control-plane systemd[1]: kubelet.service: Scheduled restart job, restart counter is at 93.
Sep 06 03:46:52 gitops-control-plane systemd[1]: Starting kubelet.service - kubelet: The Kubernetes Node Agent...
Sep 06 03:46:52 gitops-control-plane systemd[1]: Started kubelet.service - kubelet: The Kubernetes Node Agent.
Sep 06 03:46:52 gitops-control-plane kubelet[2107]: E0906 03:46:52.121270    2107 run.go:72] "command failed" err="failed to validate kubelet configuration, error: kubelet is configured to not run on a host using cgroup v1. cgroup v1 support is unsupported and will be removed in a future release, path: &TypeMeta{Kind:,APIVersion:,}"
Sep 06 03:46:52 gitops-control-plane systemd[1]: kubelet.service: Main process exited, code=exited, status=1/FAILURE
Sep 06 03:46:52 gitops-control-plane systemd[1]: kubelet.service: Failed with result 'exit-code'.
Sep 06 03:46:53 gitops-control-plane systemd[1]: kubelet.service: Scheduled restart job, restart counter is at 94.
Sep 06 03:46:53 gitops-control-plane systemd[1]: Starting kubelet.service - kubelet: The Kubernetes Node Agent...
Sep 06 03:46:53 gitops-control-plane systemd[1]: Started kubelet.service - kubelet: The Kubernetes Node Agent.
Sep 06 03:46:53 gitops-control-plane kubelet[2126]: E0906 03:46:53.373914    2126 run.go:72] "command failed" err="failed to validate kubelet configuration, error: kubelet is configured to not run on a host using cgroup v1. cgroup v1 support is unsupported and will be removed in a future release, path: &TypeMeta{Kind:,APIVersion:,}"
Sep 06 03:46:53 gitops-control-plane systemd[1]: kubelet.service: Main process exited, code=exited, status=1/FAILURE
Sep 06 03:46:53 gitops-control-plane systemd[1]: kubelet.service: Failed with result 'exit-code'.
Sep 06 03:46:54 gitops-control-plane systemd[1]: kubelet.service: Scheduled restart job, restart counter is at 95.
Sep 06 03:46:54 gitops-control-plane systemd[1]: Starting kubelet.service - kubelet: The Kubernetes Node Agent...
Sep 06 03:46:54 gitops-control-plane systemd[1]: Started kubelet.service - kubelet: The Kubernetes Node Agent.
Sep 06 03:46:54 gitops-control-plane kubelet[2145]: E0906 03:46:54.620578    2145 run.go:72] "command failed" err="failed to validate kubelet configuration, error: kubelet is configured to not run on a host using cgroup v1. cgroup v1 support is unsupported and will be removed in a future release, path: &TypeMeta{Kind:,APIVersion:,}"
Sep 06 03:46:54 gitops-control-plane systemd[1]: kubelet.service: Main process exited, code=exited, status=1/FAILURE
Sep 06 03:46:54 gitops-control-plane systemd[1]: kubelet.service: Failed with result 'exit-code'.
Sep 06 03:46:55 gitops-control-plane systemd[1]: kubelet.service: Scheduled restart job, restart counter is at 96.
Sep 06 03:46:55 gitops-control-plane systemd[1]: Starting kubelet.service - kubelet: The Kubernetes Node Agent...
Sep 06 03:46:55 gitops-control-plane systemd[1]: Started kubelet.service - kubelet: The Kubernetes Node Agent.
Sep 06 03:46:55 gitops-control-plane kubelet[2164]: E0906 03:46:55.871073    2164 run.go:72] "command failed" err="failed to validate kubelet configuration, error: kubelet is configured to not run on a host using cgroup v1. cgroup v1 support is unsupported and will be removed in a future release, path: &TypeMeta{Kind:,APIVersion:,}"
Sep 06 03:46:55 gitops-control-plane systemd[1]: kubelet.service: Main process exited, code=exited, status=1/FAILURE
Sep 06 03:46:55 gitops-control-plane systemd[1]: kubelet.service: Failed with result 'exit-code'.
Sep 06 03:46:57 gitops-control-plane systemd[1]: kubelet.service: Scheduled restart job, restart counter is at 97.
Sep 06 03:46:57 gitops-control-plane systemd[1]: Starting kubelet.service - kubelet: The Kubernetes Node Agent...
Sep 06 03:46:57 gitops-control-plane systemd[1]: Started kubelet.service - kubelet: The Kubernetes Node Agent.
Sep 06 03:46:57 gitops-control-plane kubelet[2184]: E0906 03:46:57.152047    2184 run.go:72] "command failed" err="failed to validate kubelet configuration, error: kubelet is configured to not run on a host using cgroup v1. cgroup v1 support is unsupported and will be removed in a future release, path: &TypeMeta{Kind:,APIVersion:,}"
Sep 06 03:46:57 gitops-control-plane systemd[1]: kubelet.service: Main process exited, code=exited, status=1/FAILURE
Sep 06 03:46:57 gitops-control-plane systemd[1]: kubelet.service: Failed with result 'exit-code'.
Sep 06 03:46:58 gitops-control-plane systemd[1]: kubelet.service: Scheduled restart job, restart counter is at 98.
Sep 06 03:46:58 gitops-control-plane systemd[1]: Starting kubelet.service - kubelet: The Kubernetes Node Agent...
Sep 06 03:46:58 gitops-control-plane systemd[1]: Started kubelet.service - kubelet: The Kubernetes Node Agent.
Sep 06 03:46:58 gitops-control-plane kubelet[2203]: E0906 03:46:58.369210    2203 run.go:72] "command failed" err="failed to validate kubelet configuration, error: kubelet is configured to not run on a host using cgroup v1. cgroup v1 support is unsupported and will be removed in a future release, path: &TypeMeta{Kind:,APIVersion:,}"
Sep 06 03:46:58 gitops-control-plane systemd[1]: kubelet.service: Main process exited, code=exited, status=1/FAILURE
Sep 06 03:46:58 gitops-control-plane systemd[1]: kubelet.service: Failed with result 'exit-code'.
Sep 06 03:46:59 gitops-control-plane systemd[1]: kubelet.service: Scheduled restart job, restart counter is at 99.
Sep 06 03:46:59 gitops-control-plane systemd[1]: Starting kubelet.service - kubelet: The Kubernetes Node Agent...
Sep 06 03:46:59 gitops-control-plane systemd[1]: Started kubelet.service - kubelet: The Kubernetes Node Agent.
Sep 06 03:46:59 gitops-control-plane kubelet[2222]: E0906 03:46:59.637909    2222 run.go:72] "command failed" err="failed to validate kubelet configuration, error: kubelet is configured to not run on a host using cgroup v1. cgroup v1 support is unsupported and will be removed in a future release, path: &TypeMeta{Kind:,APIVersion:,}"
Sep 06 03:46:59 gitops-control-plane systemd[1]: kubelet.service: Main process exited, code=exited, status=1/FAILURE
Sep 06 03:46:59 gitops-control-plane systemd[1]: kubelet.service: Failed with result 'exit-code'.
Sep 06 03:47:00 gitops-control-plane systemd[1]: kubelet.service: Scheduled restart job, restart counter is at 100.
Sep 06 03:47:00 gitops-control-plane systemd[1]: Starting kubelet.service - kubelet: The Kubernetes Node Agent...
Sep 06 03:47:00 gitops-control-plane systemd[1]: Started kubelet.service - kubelet: The Kubernetes Node Agent.
Sep 06 03:47:00 gitops-control-plane kubelet[2241]: E0906 03:47:00.856960    2241 run.go:72] "command failed" err="failed to validate kubelet configuration, error: kubelet is configured to not run on a host using cgroup v1. cgroup v1 support is unsupported and will be removed in a future release, path: &TypeMeta{Kind:,APIVersion:,}"
Sep 06 03:47:00 gitops-control-plane systemd[1]: kubelet.service: Main process exited, code=exited, status=1/FAILURE
Sep 06 03:47:00 gitops-control-plane systemd[1]: kubelet.service: Failed with result 'exit-code'.
Sep 06 03:47:02 gitops-control-plane systemd[1]: kubelet.service: Scheduled restart job, restart counter is at 101.
Sep 06 03:47:02 gitops-control-plane systemd[1]: Starting kubelet.service - kubelet: The Kubernetes Node Agent...
Sep 06 03:47:02 gitops-control-plane systemd[1]: Started kubelet.service - kubelet: The Kubernetes Node Agent.
Sep 06 03:47:02 gitops-control-plane kubelet[2259]: E0906 03:47:02.128746    2259 run.go:72] "command failed" err="failed to validate kubelet configuration, error: kubelet is configured to not run on a host using cgroup v1. cgroup v1 support is unsupported and will be removed in a future release, path: &TypeMeta{Kind:,APIVersion:,}"
Sep 06 03:47:02 gitops-control-plane systemd[1]: kubelet.service: Main process exited, code=exited, status=1/FAILURE
Sep 06 03:47:02 gitops-control-plane systemd[1]: kubelet.service: Failed with result 'exit-code'.
Sep 06 03:47:03 gitops-control-plane systemd[1]: kubelet.service: Scheduled restart job, restart counter is at 102.
Sep 06 03:47:03 gitops-control-plane systemd[1]: Starting kubelet.service - kubelet: The Kubernetes Node Agent...
Sep 06 03:47:03 gitops-control-plane systemd[1]: Started kubelet.service - kubelet: The Kubernetes Node Agent.
Sep 06 03:47:03 gitops-control-plane kubelet[2279]: E0906 03:47:03.379802    2279 run.go:72] "command failed" err="failed to validate kubelet configuration, error: kubelet is configured to not run on a host using cgroup v1. cgroup v1 support is unsupported and will be removed in a future release, path: &TypeMeta{Kind:,APIVersion:,}"
Sep 06 03:47:03 gitops-control-plane systemd[1]: kubelet.service: Main process exited, code=exited, status=1/FAILURE
Sep 06 03:47:03 gitops-control-plane systemd[1]: kubelet.service: Failed with result 'exit-code'.
Sep 06 03:47:04 gitops-control-plane systemd[1]: kubelet.service: Scheduled restart job, restart counter is at 103.
Sep 06 03:47:04 gitops-control-plane systemd[1]: Starting kubelet.service - kubelet: The Kubernetes Node Agent...
Sep 06 03:47:04 gitops-control-plane systemd[1]: Started kubelet.service - kubelet: The Kubernetes Node Agent.
Sep 06 03:47:04 gitops-control-plane kubelet[2300]: E0906 03:47:04.635207    2300 run.go:72] "command failed" err="failed to validate kubelet configuration, error: kubelet is configured to not run on a host using cgroup v1. cgroup v1 support is unsupported and will be removed in a future release, path: &TypeMeta{Kind:,APIVersion:,}"
Sep 06 03:47:04 gitops-control-plane systemd[1]: kubelet.service: Main process exited, code=exited, status=1/FAILURE
Sep 06 03:47:04 gitops-control-plane systemd[1]: kubelet.service: Failed with result 'exit-code'.
Sep 06 03:47:05 gitops-control-plane systemd[1]: kubelet.service: Scheduled restart job, restart counter is at 104.
Sep 06 03:47:05 gitops-control-plane systemd[1]: Starting kubelet.service - kubelet: The Kubernetes Node Agent...
Sep 06 03:47:05 gitops-control-plane systemd[1]: Started kubelet.service - kubelet: The Kubernetes Node Agent.
Sep 06 03:47:05 gitops-control-plane kubelet[2318]: E0906 03:47:05.867104    2318 run.go:72] "command failed" err="failed to validate kubelet configuration, error: kubelet is configured to not run on a host using cgroup v1. cgroup v1 support is unsupported and will be removed in a future release, path: &TypeMeta{Kind:,APIVersion:,}"
Sep 06 03:47:05 gitops-control-plane systemd[1]: kubelet.service: Main process exited, code=exited, status=1/FAILURE
Sep 06 03:47:05 gitops-control-plane systemd[1]: kubelet.service: Failed with result 'exit-code'.
Sep 06 03:47:07 gitops-control-plane systemd[1]: kubelet.service: Scheduled restart job, restart counter is at 105.
Sep 06 03:47:07 gitops-control-plane systemd[1]: Starting kubelet.service - kubelet: The Kubernetes Node Agent...
Sep 06 03:47:07 gitops-control-plane systemd[1]: Started kubelet.service - kubelet: The Kubernetes Node Agent.
Sep 06 03:47:07 gitops-control-plane kubelet[2338]: E0906 03:47:07.141860    2338 run.go:72] "command failed" err="failed to validate kubelet configuration, error: kubelet is configured to not run on a host using cgroup v1. cgroup v1 support is unsupported and will be removed in a future release, path: &TypeMeta{Kind:,APIVersion:,}"
Sep 06 03:47:07 gitops-control-plane systemd[1]: kubelet.service: Main process exited, code=exited, status=1/FAILURE
Sep 06 03:47:07 gitops-control-plane systemd[1]: kubelet.service: Failed with result 'exit-code'.
Sep 06 03:47:08 gitops-control-plane systemd[1]: kubelet.service: Scheduled restart job, restart counter is at 106.
Sep 06 03:47:08 gitops-control-plane systemd[1]: Starting kubelet.service - kubelet: The Kubernetes Node Agent...
Sep 06 03:47:08 gitops-control-plane systemd[1]: Started kubelet.service - kubelet: The Kubernetes Node Agent.
Sep 06 03:47:08 gitops-control-plane kubelet[2355]: E0906 03:47:08.366272    2355 run.go:72] "command failed" err="failed to validate kubelet configuration, error: kubelet is configured to not run on a host using cgroup v1. cgroup v1 support is unsupported and will be removed in a future release, path: &TypeMeta{Kind:,APIVersion:,}"
Sep 06 03:47:08 gitops-control-plane systemd[1]: kubelet.service: Main process exited, code=exited, status=1/FAILURE
Sep 06 03:47:08 gitops-control-plane systemd[1]: kubelet.service: Failed with result 'exit-code'.
Sep 06 03:47:09 gitops-control-plane systemd[1]: kubelet.service: Scheduled restart job, restart counter is at 107.
Sep 06 03:47:09 gitops-control-plane systemd[1]: Starting kubelet.service - kubelet: The Kubernetes Node Agent...
Sep 06 03:47:09 gitops-control-plane systemd[1]: Started kubelet.service - kubelet: The Kubernetes Node Agent.
Sep 06 03:47:09 gitops-control-plane kubelet[2374]: E0906 03:47:09.629726    2374 run.go:72] "command failed" err="failed to validate kubelet configuration, error: kubelet is configured to not run on a host using cgroup v1. cgroup v1 support is unsupported and will be removed in a future release, path: &TypeMeta{Kind:,APIVersion:,}"
Sep 06 03:47:09 gitops-control-plane systemd[1]: kubelet.service: Main process exited, code=exited, status=1/FAILURE
Sep 06 03:47:09 gitops-control-plane systemd[1]: kubelet.service: Failed with result 'exit-code'.
Sep 06 03:47:10 gitops-control-plane systemd[1]: kubelet.service: Scheduled restart job, restart counter is at 108.
Sep 06 03:47:10 gitops-control-plane systemd[1]: Starting kubelet.service - kubelet: The Kubernetes Node Agent...
Sep 06 03:47:10 gitops-control-plane systemd[1]: Started kubelet.service - kubelet: The Kubernetes Node Agent.
Sep 06 03:47:10 gitops-control-plane kubelet[2394]: E0906 03:47:10.889266    2394 run.go:72] "command failed" err="failed to validate kubelet configuration, error: kubelet is configured to not run on a host using cgroup v1. cgroup v1 support is unsupported and will be removed in a future release, path: &TypeMeta{Kind:,APIVersion:,}"
Sep 06 03:47:10 gitops-control-plane systemd[1]: kubelet.service: Main process exited, code=exited, status=1/FAILURE
Sep 06 03:47:10 gitops-control-plane systemd[1]: kubelet.service: Failed with result 'exit-code'.
Sep 06 03:47:12 gitops-control-plane systemd[1]: kubelet.service: Scheduled restart job, restart counter is at 109.
Sep 06 03:47:12 gitops-control-plane systemd[1]: Starting kubelet.service - kubelet: The Kubernetes Node Agent...
Sep 06 03:47:12 gitops-control-plane systemd[1]: Started kubelet.service - kubelet: The Kubernetes Node Agent.
Sep 06 03:47:12 gitops-control-plane kubelet[2412]: E0906 03:47:12.128550    2412 run.go:72] "command failed" err="failed to validate kubelet configuration, error: kubelet is configured to not run on a host using cgroup v1. cgroup v1 support is unsupported and will be removed in a future release, path: &TypeMeta{Kind:,APIVersion:,}"
Sep 06 03:47:12 gitops-control-plane systemd[1]: kubelet.service: Main process exited, code=exited, status=1/FAILURE
Sep 06 03:47:12 gitops-control-plane systemd[1]: kubelet.service: Failed with result 'exit-code'.
Sep 06 03:47:13 gitops-control-plane systemd[1]: kubelet.service: Scheduled restart job, restart counter is at 110.
Sep 06 03:47:13 gitops-control-plane systemd[1]: Starting kubelet.service - kubelet: The Kubernetes Node Agent...
Sep 06 03:47:13 gitops-control-plane systemd[1]: Started kubelet.service - kubelet: The Kubernetes Node Agent.
Sep 06 03:47:13 gitops-control-plane kubelet[2431]: E0906 03:47:13.388471    2431 run.go:72] "command failed" err="failed to validate kubelet configuration, error: kubelet is configured to not run on a host using cgroup v1. cgroup v1 support is unsupported and will be removed in a future release, path: &TypeMeta{Kind:,APIVersion:,}"
Sep 06 03:47:13 gitops-control-plane systemd[1]: kubelet.service: Main process exited, code=exited, status=1/FAILURE
Sep 06 03:47:13 gitops-control-plane systemd[1]: kubelet.service: Failed with result 'exit-code'.
Sep 06 03:47:14 gitops-control-plane systemd[1]: kubelet.service: Scheduled restart job, restart counter is at 111.
Sep 06 03:47:14 gitops-control-plane systemd[1]: Starting kubelet.service - kubelet: The Kubernetes Node Agent...
Sep 06 03:47:14 gitops-control-plane systemd[1]: Started kubelet.service - kubelet: The Kubernetes Node Agent.
Sep 06 03:47:14 gitops-control-plane kubelet[2450]: E0906 03:47:14.638445    2450 run.go:72] "command failed" err="failed to validate kubelet configuration, error: kubelet is configured to not run on a host using cgroup v1. cgroup v1 support is unsupported and will be removed in a future release, path: &TypeMeta{Kind:,APIVersion:,}"
Sep 06 03:47:14 gitops-control-plane systemd[1]: kubelet.service: Main process exited, code=exited, status=1/FAILURE
Sep 06 03:47:14 gitops-control-plane systemd[1]: kubelet.service: Failed with result 'exit-code'.
Sep 06 03:47:15 gitops-control-plane systemd[1]: kubelet.service: Scheduled restart job, restart counter is at 112.
Sep 06 03:47:15 gitops-control-plane systemd[1]: Starting kubelet.service - kubelet: The Kubernetes Node Agent...
Sep 06 03:47:15 gitops-control-plane systemd[1]: Started kubelet.service - kubelet: The Kubernetes Node Agent.
Sep 06 03:47:15 gitops-control-plane kubelet[2470]: E0906 03:47:15.862380    2470 run.go:72] "command failed" err="failed to validate kubelet configuration, error: kubelet is configured to not run on a host using cgroup v1. cgroup v1 support is unsupported and will be removed in a future release, path: &TypeMeta{Kind:,APIVersion:,}"
Sep 06 03:47:15 gitops-control-plane systemd[1]: kubelet.service: Main process exited, code=exited, status=1/FAILURE
Sep 06 03:47:15 gitops-control-plane systemd[1]: kubelet.service: Failed with result 'exit-code'.
Sep 06 03:47:17 gitops-control-plane systemd[1]: kubelet.service: Scheduled restart job, restart counter is at 113.
Sep 06 03:47:17 gitops-control-plane systemd[1]: Starting kubelet.service - kubelet: The Kubernetes Node Agent...
Sep 06 03:47:17 gitops-control-plane systemd[1]: Started kubelet.service - kubelet: The Kubernetes Node Agent.
Sep 06 03:47:17 gitops-control-plane kubelet[2489]: E0906 03:47:17.111325    2489 run.go:72] "command failed" err="failed to validate kubelet configuration, error: kubelet is configured to not run on a host using cgroup v1. cgroup v1 support is unsupported and will be removed in a future release, path: &TypeMeta{Kind:,APIVersion:,}"
Sep 06 03:47:17 gitops-control-plane systemd[1]: kubelet.service: Main process exited, code=exited, status=1/FAILURE
Sep 06 03:47:17 gitops-control-plane systemd[1]: kubelet.service: Failed with result 'exit-code'.
Sep 06 03:47:18 gitops-control-plane systemd[1]: kubelet.service: Scheduled restart job, restart counter is at 114.
Sep 06 03:47:18 gitops-control-plane systemd[1]: Starting kubelet.service - kubelet: The Kubernetes Node Agent...
Sep 06 03:47:18 gitops-control-plane systemd[1]: Started kubelet.service - kubelet: The Kubernetes Node Agent.
Sep 06 03:47:18 gitops-control-plane kubelet[2509]: E0906 03:47:18.358862    2509 run.go:72] "command failed" err="failed to validate kubelet configuration, error: kubelet is configured to not run on a host using cgroup v1. cgroup v1 support is unsupported and will be removed in a future release, path: &TypeMeta{Kind:,APIVersion:,}"
Sep 06 03:47:18 gitops-control-plane systemd[1]: kubelet.service: Main process exited, code=exited, status=1/FAILURE
Sep 06 03:47:18 gitops-control-plane systemd[1]: kubelet.service: Failed with result 'exit-code'.
Sep 06 03:47:19 gitops-control-plane systemd[1]: kubelet.service: Scheduled restart job, restart counter is at 115.
Sep 06 03:47:19 gitops-control-plane systemd[1]: Starting kubelet.service - kubelet: The Kubernetes Node Agent...
Sep 06 03:47:19 gitops-control-plane systemd[1]: Started kubelet.service - kubelet: The Kubernetes Node Agent.
Sep 06 03:47:19 gitops-control-plane kubelet[2528]: E0906 03:47:19.655619    2528 run.go:72] "command failed" err="failed to validate kubelet configuration, error: kubelet is configured to not run on a host using cgroup v1. cgroup v1 support is unsupported and will be removed in a future release, path: &TypeMeta{Kind:,APIVersion:,}"
Sep 06 03:47:19 gitops-control-plane systemd[1]: kubelet.service: Main process exited, code=exited, status=1/FAILURE
Sep 06 03:47:19 gitops-control-plane systemd[1]: kubelet.service: Failed with result 'exit-code'.
Sep 06 03:47:20 gitops-control-plane systemd[1]: kubelet.service: Scheduled restart job, restart counter is at 116.
Sep 06 03:47:20 gitops-control-plane systemd[1]: Starting kubelet.service - kubelet: The Kubernetes Node Agent...
Sep 06 03:47:20 gitops-control-plane systemd[1]: Started kubelet.service - kubelet: The Kubernetes Node Agent.
Sep 06 03:47:20 gitops-control-plane kubelet[2547]: E0906 03:47:20.861996    2547 run.go:72] "command failed" err="failed to validate kubelet configuration, error: kubelet is configured to not run on a host using cgroup v1. cgroup v1 support is unsupported and will be removed in a future release, path: &TypeMeta{Kind:,APIVersion:,}"
Sep 06 03:47:20 gitops-control-plane systemd[1]: kubelet.service: Main process exited, code=exited, status=1/FAILURE
Sep 06 03:47:20 gitops-control-plane systemd[1]: kubelet.service: Failed with result 'exit-code'.
Sep 06 03:47:22 gitops-control-plane systemd[1]: kubelet.service: Scheduled restart job, restart counter is at 117.
Sep 06 03:47:22 gitops-control-plane systemd[1]: Starting kubelet.service - kubelet: The Kubernetes Node Agent...
Sep 06 03:47:22 gitops-control-plane systemd[1]: Started kubelet.service - kubelet: The Kubernetes Node Agent.
Sep 06 03:47:22 gitops-control-plane kubelet[2567]: E0906 03:47:22.113481    2567 run.go:72] "command failed" err="failed to validate kubelet configuration, error: kubelet is configured to not run on a host using cgroup v1. cgroup v1 support is unsupported and will be removed in a future release, path: &TypeMeta{Kind:,APIVersion:,}"
Sep 06 03:47:22 gitops-control-plane systemd[1]: kubelet.service: Main process exited, code=exited, status=1/FAILURE
Sep 06 03:47:22 gitops-control-plane systemd[1]: kubelet.service: Failed with result 'exit-code'.
Sep 06 03:47:23 gitops-control-plane systemd[1]: kubelet.service: Scheduled restart job, restart counter is at 118.
Sep 06 03:47:23 gitops-control-plane systemd[1]: Starting kubelet.service - kubelet: The Kubernetes Node Agent...
Sep 06 03:47:23 gitops-control-plane systemd[1]: Started kubelet.service - kubelet: The Kubernetes Node Agent.
Sep 06 03:47:23 gitops-control-plane kubelet[2585]: E0906 03:47:23.371862    2585 run.go:72] "command failed" err="failed to validate kubelet configuration, error: kubelet is configured to not run on a host using cgroup v1. cgroup v1 support is unsupported and will be removed in a future release, path: &TypeMeta{Kind:,APIVersion:,}"
Sep 06 03:47:23 gitops-control-plane systemd[1]: kubelet.service: Main process exited, code=exited, status=1/FAILURE
Sep 06 03:47:23 gitops-control-plane systemd[1]: kubelet.service: Failed with result 'exit-code'.
Sep 06 03:47:24 gitops-control-plane systemd[1]: kubelet.service: Scheduled restart job, restart counter is at 119.
Sep 06 03:47:24 gitops-control-plane systemd[1]: Starting kubelet.service - kubelet: The Kubernetes Node Agent...
Sep 06 03:47:24 gitops-control-plane systemd[1]: Started kubelet.service - kubelet: The Kubernetes Node Agent.
Sep 06 03:47:24 gitops-control-plane kubelet[2605]: E0906 03:47:24.613397    2605 run.go:72] "command failed" err="failed to validate kubelet configuration, error: kubelet is configured to not run on a host using cgroup v1. cgroup v1 support is unsupported and will be removed in a future release, path: &TypeMeta{Kind:,APIVersion:,}"
Sep 06 03:47:24 gitops-control-plane systemd[1]: kubelet.service: Main process exited, code=exited, status=1/FAILURE
Sep 06 03:47:24 gitops-control-plane systemd[1]: kubelet.service: Failed with result 'exit-code'.
Sep 06 03:47:25 gitops-control-plane systemd[1]: kubelet.service: Scheduled restart job, restart counter is at 120.
Sep 06 03:47:25 gitops-control-plane systemd[1]: Starting kubelet.service - kubelet: The Kubernetes Node Agent...
Sep 06 03:47:25 gitops-control-plane systemd[1]: Started kubelet.service - kubelet: The Kubernetes Node Agent.
Sep 06 03:47:25 gitops-control-plane kubelet[2624]: E0906 03:47:25.881676    2624 run.go:72] "command failed" err="failed to validate kubelet configuration, error: kubelet is configured to not run on a host using cgroup v1. cgroup v1 support is unsupported and will be removed in a future release, path: &TypeMeta{Kind:,APIVersion:,}"
Sep 06 03:47:25 gitops-control-plane systemd[1]: kubelet.service: Main process exited, code=exited, status=1/FAILURE
Sep 06 03:47:25 gitops-control-plane systemd[1]: kubelet.service: Failed with result 'exit-code'.
Sep 06 03:47:27 gitops-control-plane systemd[1]: kubelet.service: Scheduled restart job, restart counter is at 121.
Sep 06 03:47:27 gitops-control-plane systemd[1]: Starting kubelet.service - kubelet: The Kubernetes Node Agent...
Sep 06 03:47:27 gitops-control-plane systemd[1]: Started kubelet.service - kubelet: The Kubernetes Node Agent.
Sep 06 03:47:27 gitops-control-plane kubelet[2644]: E0906 03:47:27.137345    2644 run.go:72] "command failed" err="failed to validate kubelet configuration, error: kubelet is configured to not run on a host using cgroup v1. cgroup v1 support is unsupported and will be removed in a future release, path: &TypeMeta{Kind:,APIVersion:,}"
Sep 06 03:47:27 gitops-control-plane systemd[1]: kubelet.service: Main process exited, code=exited, status=1/FAILURE
Sep 06 03:47:27 gitops-control-plane systemd[1]: kubelet.service: Failed with result 'exit-code'.
Sep 06 03:47:28 gitops-control-plane systemd[1]: kubelet.service: Scheduled restart job, restart counter is at 122.
Sep 06 03:47:28 gitops-control-plane systemd[1]: Starting kubelet.service - kubelet: The Kubernetes Node Agent...
Sep 06 03:47:28 gitops-control-plane systemd[1]: Started kubelet.service - kubelet: The Kubernetes Node Agent.
Sep 06 03:47:28 gitops-control-plane kubelet[2664]: E0906 03:47:28.360714    2664 run.go:72] "command failed" err="failed to validate kubelet configuration, error: kubelet is configured to not run on a host using cgroup v1. cgroup v1 support is unsupported and will be removed in a future release, path: &TypeMeta{Kind:,APIVersion:,}"
Sep 06 03:47:28 gitops-control-plane systemd[1]: kubelet.service: Main process exited, code=exited, status=1/FAILURE
Sep 06 03:47:28 gitops-control-plane systemd[1]: kubelet.service: Failed with result 'exit-code'.
Sep 06 03:47:29 gitops-control-plane systemd[1]: kubelet.service: Scheduled restart job, restart counter is at 123.
Sep 06 03:47:29 gitops-control-plane systemd[1]: Starting kubelet.service - kubelet: The Kubernetes Node Agent...
Sep 06 03:47:29 gitops-control-plane systemd[1]: Started kubelet.service - kubelet: The Kubernetes Node Agent.
Sep 06 03:47:29 gitops-control-plane kubelet[2682]: E0906 03:47:29.622548    2682 run.go:72] "command failed" err="failed to validate kubelet configuration, error: kubelet is configured to not run on a host using cgroup v1. cgroup v1 support is unsupported and will be removed in a future release, path: &TypeMeta{Kind:,APIVersion:,}"
Sep 06 03:47:29 gitops-control-plane systemd[1]: kubelet.service: Main process exited, code=exited, status=1/FAILURE
Sep 06 03:47:29 gitops-control-plane systemd[1]: kubelet.service: Failed with result 'exit-code'.
Sep 06 03:47:30 gitops-control-plane systemd[1]: kubelet.service: Scheduled restart job, restart counter is at 124.
Sep 06 03:47:30 gitops-control-plane systemd[1]: Starting kubelet.service - kubelet: The Kubernetes Node Agent...
Sep 06 03:47:30 gitops-control-plane systemd[1]: Started kubelet.service - kubelet: The Kubernetes Node Agent.
Sep 06 03:47:30 gitops-control-plane kubelet[2702]: E0906 03:47:30.866786    2702 run.go:72] "command failed" err="failed to validate kubelet configuration, error: kubelet is configured to not run on a host using cgroup v1. cgroup v1 support is unsupported and will be removed in a future release, path: &TypeMeta{Kind:,APIVersion:,}"
Sep 06 03:47:30 gitops-control-plane systemd[1]: kubelet.service: Main process exited, code=exited, status=1/FAILURE
Sep 06 03:47:30 gitops-control-plane systemd[1]: kubelet.service: Failed with result 'exit-code'.
Sep 06 03:47:32 gitops-control-plane systemd[1]: kubelet.service: Scheduled restart job, restart counter is at 125.
Sep 06 03:47:32 gitops-control-plane systemd[1]: Starting kubelet.service - kubelet: The Kubernetes Node Agent...
Sep 06 03:47:32 gitops-control-plane systemd[1]: Started kubelet.service - kubelet: The Kubernetes Node Agent.
Sep 06 03:47:32 gitops-control-plane kubelet[2720]: E0906 03:47:32.117613    2720 run.go:72] "command failed" err="failed to validate kubelet configuration, error: kubelet is configured to not run on a host using cgroup v1. cgroup v1 support is unsupported and will be removed in a future release, path: &TypeMeta{Kind:,APIVersion:,}"
Sep 06 03:47:32 gitops-control-plane systemd[1]: kubelet.service: Main process exited, code=exited, status=1/FAILURE
Sep 06 03:47:32 gitops-control-plane systemd[1]: kubelet.service: Failed with result 'exit-code'.
Sep 06 03:47:33 gitops-control-plane systemd[1]: kubelet.service: Scheduled restart job, restart counter is at 126.
Sep 06 03:47:33 gitops-control-plane systemd[1]: Starting kubelet.service - kubelet: The Kubernetes Node Agent...
Sep 06 03:47:33 gitops-control-plane systemd[1]: Started kubelet.service - kubelet: The Kubernetes Node Agent.
Sep 06 03:47:33 gitops-control-plane kubelet[2739]: E0906 03:47:33.363396    2739 run.go:72] "command failed" err="failed to validate kubelet configuration, error: kubelet is configured to not run on a host using cgroup v1. cgroup v1 support is unsupported and will be removed in a future release, path: &TypeMeta{Kind:,APIVersion:,}"
Sep 06 03:47:33 gitops-control-plane systemd[1]: kubelet.service: Main process exited, code=exited, status=1/FAILURE
Sep 06 03:47:33 gitops-control-plane systemd[1]: kubelet.service: Failed with result 'exit-code'.
Sep 06 03:47:34 gitops-control-plane systemd[1]: kubelet.service: Scheduled restart job, restart counter is at 127.
Sep 06 03:47:34 gitops-control-plane systemd[1]: Starting kubelet.service - kubelet: The Kubernetes Node Agent...
Sep 06 03:47:34 gitops-control-plane systemd[1]: Started kubelet.service - kubelet: The Kubernetes Node Agent.
Sep 06 03:47:34 gitops-control-plane kubelet[2758]: E0906 03:47:34.613209    2758 run.go:72] "command failed" err="failed to validate kubelet configuration, error: kubelet is configured to not run on a host using cgroup v1. cgroup v1 support is unsupported and will be removed in a future release, path: &TypeMeta{Kind:,APIVersion:,}"
Sep 06 03:47:34 gitops-control-plane systemd[1]: kubelet.service: Main process exited, code=exited, status=1/FAILURE
Sep 06 03:47:34 gitops-control-plane systemd[1]: kubelet.service: Failed with result 'exit-code'.
Sep 06 03:47:35 gitops-control-plane systemd[1]: kubelet.service: Scheduled restart job, restart counter is at 128.
Sep 06 03:47:35 gitops-control-plane systemd[1]: Starting kubelet.service - kubelet: The Kubernetes Node Agent...
Sep 06 03:47:35 gitops-control-plane systemd[1]: Started kubelet.service - kubelet: The Kubernetes Node Agent.
Sep 06 03:47:35 gitops-control-plane kubelet[2777]: E0906 03:47:35.878497    2777 run.go:72] "command failed" err="failed to validate kubelet configuration, error: kubelet is configured to not run on a host using cgroup v1. cgroup v1 support is unsupported and will be removed in a future release, path: &TypeMeta{Kind:,APIVersion:,}"
Sep 06 03:47:35 gitops-control-plane systemd[1]: kubelet.service: Main process exited, code=exited, status=1/FAILURE
Sep 06 03:47:35 gitops-control-plane systemd[1]: kubelet.service: Failed with result 'exit-code'.
Sep 06 03:47:37 gitops-control-plane systemd[1]: kubelet.service: Scheduled restart job, restart counter is at 129.
Sep 06 03:47:37 gitops-control-plane systemd[1]: Starting kubelet.service - kubelet: The Kubernetes Node Agent...
Sep 06 03:47:37 gitops-control-plane systemd[1]: Started kubelet.service - kubelet: The Kubernetes Node Agent.
Sep 06 03:47:37 gitops-control-plane kubelet[2796]: E0906 03:47:37.112972    2796 run.go:72] "command failed" err="failed to validate kubelet configuration, error: kubelet is configured to not run on a host using cgroup v1. cgroup v1 support is unsupported and will be removed in a future release, path: &TypeMeta{Kind:,APIVersion:,}"
Sep 06 03:47:37 gitops-control-plane systemd[1]: kubelet.service: Main process exited, code=exited, status=1/FAILURE
Sep 06 03:47:37 gitops-control-plane systemd[1]: kubelet.service: Failed with result 'exit-code'.
Sep 06 03:47:38 gitops-control-plane systemd[1]: kubelet.service: Scheduled restart job, restart counter is at 130.
Sep 06 03:47:38 gitops-control-plane systemd[1]: Starting kubelet.service - kubelet: The Kubernetes Node Agent...
Sep 06 03:47:38 gitops-control-plane systemd[1]: Started kubelet.service - kubelet: The Kubernetes Node Agent.
Sep 06 03:47:38 gitops-control-plane kubelet[2815]: E0906 03:47:38.373539    2815 run.go:72] "command failed" err="failed to validate kubelet configuration, error: kubelet is configured to not run on a host using cgroup v1. cgroup v1 support is unsupported and will be removed in a future release, path: &TypeMeta{Kind:,APIVersion:,}"
Sep 06 03:47:38 gitops-control-plane systemd[1]: kubelet.service: Main process exited, code=exited, status=1/FAILURE
Sep 06 03:47:38 gitops-control-plane systemd[1]: kubelet.service: Failed with result 'exit-code'.
Sep 06 03:47:39 gitops-control-plane systemd[1]: kubelet.service: Scheduled restart job, restart counter is at 131.
Sep 06 03:47:39 gitops-control-plane systemd[1]: Starting kubelet.service - kubelet: The Kubernetes Node Agent...
Sep 06 03:47:39 gitops-control-plane systemd[1]: Started kubelet.service - kubelet: The Kubernetes Node Agent.
Sep 06 03:47:39 gitops-control-plane kubelet[2836]: E0906 03:47:39.617662    2836 run.go:72] "command failed" err="failed to validate kubelet configuration, error: kubelet is configured to not run on a host using cgroup v1. cgroup v1 support is unsupported and will be removed in a future release, path: &TypeMeta{Kind:,APIVersion:,}"
Sep 06 03:47:39 gitops-control-plane systemd[1]: kubelet.service: Main process exited, code=exited, status=1/FAILURE
Sep 06 03:47:39 gitops-control-plane systemd[1]: kubelet.service: Failed with result 'exit-code'.
Sep 06 03:47:40 gitops-control-plane systemd[1]: kubelet.service: Scheduled restart job, restart counter is at 132.
Sep 06 03:47:40 gitops-control-plane systemd[1]: Starting kubelet.service - kubelet: The Kubernetes Node Agent...
Sep 06 03:47:40 gitops-control-plane systemd[1]: Started kubelet.service - kubelet: The Kubernetes Node Agent.
Sep 06 03:47:40 gitops-control-plane kubelet[2855]: E0906 03:47:40.866773    2855 run.go:72] "command failed" err="failed to validate kubelet configuration, error: kubelet is configured to not run on a host using cgroup v1. cgroup v1 support is unsupported and will be removed in a future release, path: &TypeMeta{Kind:,APIVersion:,}"
Sep 06 03:47:40 gitops-control-plane systemd[1]: kubelet.service: Main process exited, code=exited, status=1/FAILURE
Sep 06 03:47:40 gitops-control-plane systemd[1]: kubelet.service: Failed with result 'exit-code'.
Sep 06 03:47:42 gitops-control-plane systemd[1]: kubelet.service: Scheduled restart job, restart counter is at 133.
Sep 06 03:47:42 gitops-control-plane systemd[1]: Starting kubelet.service - kubelet: The Kubernetes Node Agent...
Sep 06 03:47:42 gitops-control-plane systemd[1]: Started kubelet.service - kubelet: The Kubernetes Node Agent.
Sep 06 03:47:42 gitops-control-plane kubelet[2875]: E0906 03:47:42.147354    2875 run.go:72] "command failed" err="failed to validate kubelet configuration, error: kubelet is configured to not run on a host using cgroup v1. cgroup v1 support is unsupported and will be removed in a future release, path: &TypeMeta{Kind:,APIVersion:,}"
Sep 06 03:47:42 gitops-control-plane systemd[1]: kubelet.service: Main process exited, code=exited, status=1/FAILURE
Sep 06 03:47:42 gitops-control-plane systemd[1]: kubelet.service: Failed with result 'exit-code'.
Sep 06 03:47:43 gitops-control-plane systemd[1]: kubelet.service: Scheduled restart job, restart counter is at 134.
Sep 06 03:47:43 gitops-control-plane systemd[1]: Starting kubelet.service - kubelet: The Kubernetes Node Agent...
Sep 06 03:47:43 gitops-control-plane systemd[1]: Started kubelet.service - kubelet: The Kubernetes Node Agent.
Sep 06 03:47:43 gitops-control-plane kubelet[2895]: E0906 03:47:43.364633    2895 run.go:72] "command failed" err="failed to validate kubelet configuration, error: kubelet is configured to not run on a host using cgroup v1. cgroup v1 support is unsupported and will be removed in a future release, path: &TypeMeta{Kind:,APIVersion:,}"
Sep 06 03:47:43 gitops-control-plane systemd[1]: kubelet.service: Main process exited, code=exited, status=1/FAILURE
Sep 06 03:47:43 gitops-control-plane systemd[1]: kubelet.service: Failed with result 'exit-code'.
Sep 06 03:47:44 gitops-control-plane systemd[1]: kubelet.service: Scheduled restart job, restart counter is at 135.
Sep 06 03:47:44 gitops-control-plane systemd[1]: Starting kubelet.service - kubelet: The Kubernetes Node Agent...
Sep 06 03:47:44 gitops-control-plane systemd[1]: Started kubelet.service - kubelet: The Kubernetes Node Agent.
Sep 06 03:47:44 gitops-control-plane kubelet[2914]: E0906 03:47:44.625275    2914 run.go:72] "command failed" err="failed to validate kubelet configuration, error: kubelet is configured to not run on a host using cgroup v1. cgroup v1 support is unsupported and will be removed in a future release, path: &TypeMeta{Kind:,APIVersion:,}"
Sep 06 03:47:44 gitops-control-plane systemd[1]: kubelet.service: Main process exited, code=exited, status=1/FAILURE
Sep 06 03:47:44 gitops-control-plane systemd[1]: kubelet.service: Failed with result 'exit-code'.
